Date,country,avgtemp_c,maxtemp_c,mintemp_c,totalprecip_mm,avghumidity,maxwind_kph
2015-01-04,india,24.3,28.4,20.4,0.0,62.0,14.8
2015-01-04,mexico,27.0,32.4,23.4,0.0,57.0,11.9
2015-01-05,india,26.3,30.8,22.4,0.0,58.0,19.4
2015-01-05,mexico,26.7,32.1,22.1,0.0,59.0,16.9
2015-01-06,india,25.6,30.4,22.2,0.0,63.0,16.3
2015-01-06,mexico,26.5,31.4,23.0,0.0,61.0,12.2
2015-01-07,india,24.7,29.0,21.5,0.0,62.0,16.2
2015-01-07,mexico,26.2,31.9,22.1,0.0,57.0,15.5
2015-01-08,india,24.3,29.9,20.1,0.0,59.0,13.3
2015-01-08,mexico,26.0,31.4,22.5,0.0,58.0,16.6
2015-01-09,india,25.1,30.0,20.7,0.0,44.0,13.0
2015-01-09,mexico,25.2,31.1,20.2,0.0,57.0,14.4
2015-01-10,india,24.6,29.7,20.1,0.0,36.0,17.3
2015-01-10,mexico,26.3,32.0,21.6,0.0,58.0,13.7
2015-01-11,india,24.1,29.2,19.1,0.0,38.0,13.7
2015-01-11,mexico,25.9,32.3,20.5,0.0,56.0,11.9
2015-01-12,india,23.9,30.0,17.8,0.0,38.0,15.8
2015-01-12,mexico,26.6,32.5,21.5,0.0,60.0,10.4
2015-01-13,india,23.8,31.3,18.6,0.0,40.0,15.8
2015-01-13,mexico,26.7,32.7,21.5,0.0,58.0,13.0
2015-01-14,india,23.6,29.7,18.9,0.0,49.0,14.0
2015-01-14,mexico,26.8,32.7,21.7,0.0,58.0,12.2
2015-01-15,india,23.1,29.0,18.6,0.0,51.0,13.3
2015-01-15,mexico,27.3,32.8,23.0,0.0,61.0,13.0
2015-01-16,india,24.2,29.3,19.9,0.0,47.0,11.9
2015-01-16,mexico,26.8,32.3,22.0,0.0,62.0,11.9
2015-01-17,india,24.3,29.3,20.0,0.0,46.0,11.6
2015-01-17,mexico,26.9,32.4,23.2,0.0,63.0,12.6
2015-01-18,india,24.8,30.1,20.1,0.0,48.0,13.0
2015-01-18,mexico,25.7,31.6,21.5,0.0,65.0,12.2
2015-01-19,india,24.9,29.8,21.0,0.0,55.0,16.6
2015-01-19,mexico,26.0,31.4,21.0,0.0,56.0,14.8
2015-01-20,india,24.6,29.3,19.7,0.0,57.0,16.9
2015-01-20,mexico,26.4,33.1,21.5,0.0,58.0,13.0
2015-01-21,india,24.0,29.2,19.4,0.0,57.0,14.8
2015-01-21,mexico,26.3,32.3,21.5,0.0,62.0,13.7
2015-01-22,india,24.0,29.7,18.7,0.0,68.0,14.4
2015-01-22,mexico,26.3,32.6,22.0,0.0,60.0,13.3
2015-01-23,india,23.8,29.2,19.5,0.0,68.0,19.1
2015-01-23,mexico,27.0,31.8,23.8,0.0,58.0,16.9
2015-01-24,india,24.8,29.6,21.0,0.0,62.0,13.0
2015-01-24,mexico,26.7,31.4,23.1,1.0,61.0,11.2
2015-01-25,india,25.6,30.0,21.8,0.0,58.0,19.4
2015-01-25,mexico,26.3,31.7,22.8,0.0,61.0,14.0
2015-01-26,india,25.1,29.3,21.5,0.0,57.0,18.7
2015-01-26,mexico,25.6,31.6,21.1,0.0,62.0,13.3
2015-01-27,india,24.7,29.2,20.8,0.0,59.0,19.9
2015-01-27,mexico,25.3,31.6,20.7,0.0,59.0,14.0
2015-01-28,india,24.7,29.5,19.8,0.0,61.0,15.1
2015-01-28,mexico,24.9,30.1,20.0,0.0,65.0,14.4
2015-01-29,india,25.1,30.2,20.5,0.0,61.0,14.8
2015-01-29,mexico,25.1,31.3,20.5,0.0,54.0,14.0
2015-01-30,india,26.6,33.5,21.9,0.0,51.0,13.8
2015-01-30,mexico,25.7,32.0,20.2,0.0,50.0,15.1
2015-01-31,india,26.8,33.4,22.6,0.0,50.0,15.5
2015-01-31,mexico,26.0,32.7,20.4,0.0,53.0,14.0
2015-02-01,india,26.6,31.5,22.6,0.0,55.0,16.2
2015-02-01,mexico,25.5,32.4,19.9,0.0,47.0,13.7
2015-02-02,india,26.3,31.1,22.2,0.0,54.0,13.7
2015-02-02,mexico,26.3,31.7,21.6,0.0,53.0,16.6
2015-02-03,india,26.5,33.2,22.4,0.0,51.0,13.0
2015-02-03,mexico,26.9,33.0,22.8,0.0,56.0,13.3
2015-02-04,india,26.6,32.3,21.6,0.0,45.0,13.7
2015-02-04,mexico,26.4,32.5,21.4,0.0,57.0,15.5
2015-02-05,india,25.9,31.6,21.5,0.0,42.0,11.5
2015-02-05,mexico,26.7,31.8,21.6,0.0,61.0,15.1
2015-02-06,india,25.8,31.1,21.5,0.0,45.0,13.0
2015-02-06,mexico,27.8,33.2,24.5,0.0,53.0,14.0
2015-02-07,india,25.3,31.4,20.9,0.0,50.0,14.0
2015-02-07,mexico,26.7,32.5,22.0,0.2,54.0,13.3
2015-02-08,india,24.9,30.0,20.4,0.0,52.0,16.9
2015-02-08,mexico,26.0,32.3,21.4,0.3,56.0,14.0
2015-02-09,india,25.2,31.8,20.2,0.0,46.0,14.8
2015-02-09,mexico,25.1,30.9,20.7,0.0,58.0,16.9
2015-02-10,india,26.0,31.0,21.5,0.0,51.0,14.4
2015-02-10,mexico,25.7,31.3,21.4,0.0,61.0,13.7
2015-02-11,india,26.0,31.4,21.5,0.0,55.0,16.9
2015-02-11,mexico,26.0,31.8,21.3,0.0,62.0,13.7
2015-02-12,india,26.2,32.0,21.4,0.0,47.0,18.7
2015-02-12,mexico,26.6,31.9,23.0,0.0,57.0,15.5
2015-02-13,india,26.5,32.1,22.1,0.0,50.0,16.9
2015-02-13,mexico,26.8,32.3,21.9,0.0,58.0,14.0
2015-02-14,india,26.3,31.8,20.5,0.0,53.0,15.8
2015-02-14,mexico,25.9,31.6,21.1,0.0,59.0,15.8
2015-02-15,india,26.9,32.5,20.4,0.0,51.0,20.2
2015-02-15,mexico,26.2,31.8,21.1,0.0,56.0,15.8
2015-02-16,india,27.1,34.1,22.0,0.0,52.0,20.2
2015-02-16,mexico,26.6,33.0,22.2,0.0,56.0,14.0
2015-02-17,india,26.4,33.4,20.3,0.0,56.0,15.5
2015-02-17,mexico,27.1,32.2,22.9,0.0,59.0,15.5
2015-02-18,india,26.1,33.6,19.6,0.0,55.0,18.0
2015-02-18,mexico,27.5,32.8,23.6,0.0,61.0,13.3
2015-02-19,india,25.0,31.1,18.3,0.0,64.0,14.4
2015-02-19,mexico,27.1,32.3,22.2,0.0,59.0,14.4
2015-02-20,india,25.9,31.5,19.7,0.0,58.0,18.0
2015-02-20,mexico,27.1,32.0,23.0,0.0,60.0,14.8
2015-02-21,india,26.9,32.4,22.0,0.0,48.0,10.1
2015-02-21,mexico,26.9,32.4,21.9,0.0,64.0,14.0
2015-02-22,india,27.8,35.4,23.4,0.0,50.0,10.1
2015-02-22,mexico,27.3,32.3,23.0,0.0,56.0,15.1
2015-02-23,india,27.1,33.7,22.8,0.0,54.0,14.0
2015-02-23,mexico,27.6,32.6,23.7,0.0,62.0,14.4
2015-02-24,india,27.0,33.0,21.9,0.0,56.0,13.3
2015-02-24,mexico,27.8,32.8,23.2,0.0,59.0,15.1
2015-02-25,india,26.5,31.3,20.9,0.0,64.0,16.2
2015-02-25,mexico,27.4,32.2,23.2,0.0,58.0,13.7
2015-02-26,india,25.8,31.5,20.8,0.0,62.0,21.6
2015-02-26,mexico,26.8,32.6,21.5,0.0,51.0,17.6
2015-02-27,india,25.7,31.0,20.4,0.0,58.0,12.2
2015-02-27,mexico,27.7,33.1,23.8,0.0,55.0,13.7
2015-02-28,india,24.0,27.3,21.0,0.0,71.0,15.1
2015-02-28,mexico,27.4,32.8,23.1,0.0,58.0,14.4
2015-03-01,india,23.2,26.3,21.3,30.2,74.0,17.6
2015-03-01,mexico,27.5,33.2,22.9,0.0,57.0,15.5
2015-03-02,india,24.6,27.1,22.3,2.1,72.0,13.3
2015-03-02,mexico,28.0,33.7,23.0,0.0,55.0,15.1
2015-03-03,india,23.3,26.5,19.4,0.0,61.0,16.2
2015-03-03,mexico,27.4,32.7,22.4,0.0,60.0,15.8
2015-03-04,india,22.9,27.2,18.0,0.0,53.0,14.4
2015-03-04,mexico,27.4,33.1,23.0,0.0,62.0,14.4
2015-03-05,india,24.1,28.8,18.2,0.0,59.0,10.1
2015-03-05,mexico,27.7,32.5,24.1,0.0,63.0,16.9
2015-03-06,india,25.9,32.0,20.2,0.0,61.0,14.8
2015-03-06,mexico,28.4,33.6,23.8,0.0,59.0,13.5
2015-03-07,india,27.1,33.1,22.2,0.0,50.0,19.8
2015-03-07,mexico,27.8,32.8,23.5,0.0,56.0,18.4
2015-03-08,india,26.9,32.3,22.1,0.0,53.0,19.8
2015-03-08,mexico,27.4,33.2,22.1,0.0,49.0,15.1
2015-03-09,india,26.3,31.4,21.6,0.0,56.0,14.4
2015-03-09,mexico,27.9,33.1,22.1,0.0,48.0,16.2
2015-03-10,india,27.1,31.6,23.3,0.6,60.0,9.0
2015-03-10,mexico,26.9,31.3,22.6,0.0,61.0,14.6
2015-03-11,india,28.7,34.5,23.6,0.0,58.0,13.9
2015-03-11,mexico,26.5,31.3,22.5,0.0,64.0,14.8
2015-03-12,india,29.1,36.3,23.7,0.0,56.0,15.3
2015-03-12,mexico,26.5,30.4,23.0,0.0,65.0,14.5
2015-03-13,india,28.3,32.0,24.1,0.3,55.0,16.9
2015-03-13,mexico,26.7,31.1,23.3,0.0,65.0,13.9
2015-03-14,india,28.0,31.7,23.8,0.3,56.0,14.9
2015-03-14,mexico,26.9,30.5,23.5,0.0,65.0,12.6
2015-03-15,india,27.7,31.1,24.3,1.6,57.0,15.7
2015-03-15,mexico,26.9,30.7,23.2,0.0,64.0,13.6
2015-03-16,india,27.7,31.7,23.9,0.0,57.0,16.3
2015-03-16,mexico,26.7,30.9,23.0,0.0,64.0,13.5
2015-03-17,india,27.9,32.4,24.1,0.0,58.0,16.6
2015-03-17,mexico,26.7,30.9,23.4,0.0,63.0,13.1
2015-03-18,india,28.2,33.6,24.3,0.0,59.0,18.9
2015-03-18,mexico,27.1,30.8,23.5,0.0,64.0,14.7
2015-03-19,india,28.4,33.5,24.9,0.0,65.0,13.0
2015-03-19,mexico,27.6,32.0,23.9,0.0,62.0,12.8
2015-03-20,india,28.6,33.4,24.0,0.0,59.0,11.2
2015-03-20,mexico,27.2,31.2,24.1,0.0,64.0,11.8
2015-03-21,india,28.7,32.6,24.6,0.3,63.0,12.6
2015-03-21,mexico,26.7,29.5,24.2,0.0,70.0,10.7
2015-03-22,india,28.7,33.2,24.2,0.0,64.0,11.2
2015-03-22,mexico,27.3,31.4,24.0,0.0,66.0,14.0
2015-03-23,india,28.6,32.5,24.2,0.4,66.0,9.7
2015-03-23,mexico,27.4,32.1,23.1,0.0,66.0,12.6
2015-03-24,india,29.3,34.2,24.1,0.2,64.0,16.2
2015-03-24,mexico,27.5,32.8,22.8,0.0,64.0,13.3
2015-03-25,india,29.2,34.7,24.9,0.0,69.0,18.7
2015-03-25,mexico,28.0,32.8,24.6,0.6,66.0,11.2
2015-03-26,india,29.0,33.2,25.6,1.4,79.0,13.0
2015-03-26,mexico,27.6,33.2,22.6,0.0,66.0,15.5
2015-03-27,india,29.3,32.7,26.4,0.4,78.0,13.3
2015-03-27,mexico,28.3,32.4,25.4,0.0,67.0,16.2
2015-03-28,india,29.0,32.9,25.7,1.0,78.0,14.0
2015-03-28,mexico,27.8,32.7,23.4,0.0,65.0,11.5
2015-03-29,india,29.3,34.1,25.6,1.0,76.0,13.7
2015-03-29,mexico,28.1,33.3,23.6,0.0,62.0,13.9
2015-03-30,india,29.6,32.2,25.6,2.2,63.0,16.2
2015-03-30,mexico,27.5,32.6,22.9,2.6,64.0,14.0
2015-03-31,india,29.8,35.1,25.2,0.0,50.0,22.3
2015-03-31,mexico,28.1,33.2,23.1,0.3,59.0,12.6
2015-04-01,india,29.0,34.3,24.7,0.0,42.0,19.1
2015-04-01,mexico,28.5,33.3,23.6,0.8,58.0,15.5
2015-04-02,india,28.6,33.3,24.0,0.0,53.0,14.8
2015-04-02,mexico,28.5,33.1,25.3,0.0,64.0,12.6
2015-04-03,india,28.4,32.5,24.7,0.0,58.0,18.7
2015-04-03,mexico,28.7,33.2,24.7,0.0,65.0,13.0
2015-04-04,india,28.7,33.4,24.3,0.0,50.0,20.9
2015-04-04,mexico,29.4,33.6,25.5,0.0,61.0,15.8
2015-04-05,india,28.3,33.3,23.9,0.0,57.0,20.9
2015-04-05,mexico,28.6,33.4,23.4,0.0,59.0,15.8
2015-04-06,india,27.9,33.7,23.4,0.0,61.0,19.4
2015-04-06,mexico,28.6,33.4,24.1,0.0,59.0,14.0
2015-04-07,india,27.5,31.3,23.7,0.0,68.0,13.3
2015-04-07,mexico,28.7,33.2,24.0,0.0,62.0,13.7
2015-04-08,india,27.7,31.6,23.7,0.0,74.0,14.0
2015-04-08,mexico,28.9,33.4,24.2,0.0,60.0,13.7
2015-04-09,india,27.9,31.5,23.8,0.0,75.0,13.3
2015-04-09,mexico,29.0,33.6,24.8,0.0,59.0,14.4
2015-04-10,india,28.5,31.8,25.2,0.0,74.0,13.7
2015-04-10,mexico,29.2,32.9,25.9,0.0,64.0,14.2
2015-04-11,india,28.4,31.6,24.6,0.2,74.0,11.5
2015-04-11,mexico,29.1,33.1,25.2,0.0,63.0,13.9
2015-04-12,india,28.8,31.8,24.6,0.0,70.0,16.2
2015-04-12,mexico,28.9,33.7,25.0,0.0,63.0,14.8
2015-04-13,india,28.0,32.0,24.0,0.0,66.0,15.8
2015-04-13,mexico,27.2,31.4,23.7,0.0,67.0,11.8
2015-04-14,india,28.1,31.6,25.0,0.0,65.0,16.5
2015-04-14,mexico,27.6,31.5,24.6,0.0,66.0,13.1
2015-04-15,india,28.4,32.0,25.2,0.0,67.0,16.2
2015-04-15,mexico,27.9,31.6,25.0,0.0,67.0,13.3
2015-04-16,india,28.8,32.5,24.8,1.8,65.0,12.6
2015-04-16,mexico,28.0,30.7,26.0,0.8,70.0,6.5
2015-04-17,india,29.1,32.8,26.0,0.9,69.0,14.0
2015-04-17,mexico,28.8,32.9,24.8,0.2,67.0,14.4
2015-04-18,india,29.5,33.4,25.9,0.0,71.0,17.6
2015-04-18,mexico,28.5,31.8,25.5,0.5,68.0,8.0
2015-04-19,india,29.6,32.9,25.4,0.9,70.0,14.4
2015-04-19,mexico,28.0,32.4,23.8,0.1,71.0,13.3
2015-04-20,india,29.9,33.2,26.0,0.0,75.0,13.3
2015-04-20,mexico,28.6,33.0,25.2,5.2,71.0,12.6
2015-04-21,india,30.0,33.9,26.3,0.0,78.0,14.8
2015-04-21,mexico,28.3,33.4,25.0,3.4,71.0,9.7
2015-04-22,india,29.6,34.0,26.9,0.3,75.0,12.2
2015-04-22,mexico,28.6,32.2,25.8,0.4,73.0,11.0
2015-04-23,india,30.1,34.0,27.1,0.7,74.0,14.0
2015-04-23,mexico,29.8,33.8,26.0,0.0,68.0,12.6
2015-04-24,india,29.7,32.7,26.2,0.0,70.0,12.6
2015-04-24,mexico,30.2,34.4,26.9,0.0,65.0,14.4
2015-04-25,india,29.2,33.2,25.2,0.0,65.0,14.4
2015-04-25,mexico,29.3,33.5,25.1,0.9,66.0,12.1
2015-04-26,india,29.0,32.7,25.1,0.0,67.0,16.9
2015-04-26,mexico,28.0,32.2,24.3,0.3,72.0,13.3
2015-04-27,india,29.0,32.9,25.8,0.0,72.0,15.5
2015-04-27,mexico,28.2,33.2,22.9,0.4,67.0,12.8
2015-04-28,india,29.1,32.6,25.6,0.0,71.0,16.5
2015-04-28,mexico,28.0,31.6,24.6,0.0,68.0,14.0
2015-04-29,india,29.7,32.9,25.7,0.0,74.0,15.1
2015-04-29,mexico,30.6,34.6,27.1,0.0,63.0,14.0
2015-04-30,india,29.6,32.7,26.6,0.0,75.0,12.6
2015-04-30,mexico,29.2,33.1,25.8,0.0,63.0,14.0
2015-05-01,india,29.6,32.7,25.4,0.0,77.0,13.3
2015-05-01,mexico,28.6,32.6,24.2,0.1,65.0,13.0
2015-05-02,india,29.6,34.0,25.8,0.0,75.0,13.0
2015-05-02,mexico,29.0,32.5,24.9,0.0,65.0,13.0
2015-05-03,india,29.6,32.9,26.3,0.0,73.0,14.0
2015-05-03,mexico,29.5,33.1,26.5,0.0,66.0,10.4
2015-05-04,india,29.6,33.5,24.9,0.0,69.0,15.1
2015-05-04,mexico,28.7,32.8,25.0,0.7,66.0,11.0
2015-05-05,india,29.9,33.7,25.9,0.2,70.0,12.2
2015-05-05,mexico,28.9,33.0,24.9,0.0,65.0,13.1
2015-05-06,india,30.5,34.2,26.7,0.3,66.0,17.3
2015-05-06,mexico,29.3,33.6,25.6,0.0,66.0,14.2
2015-05-07,india,30.2,33.8,25.7,0.3,70.0,16.2
2015-05-07,mexico,29.4,33.7,25.2,0.0,62.0,14.5
2015-05-08,india,30.6,34.3,28.1,0.4,68.0,19.8
2015-05-08,mexico,29.7,34.2,25.8,0.0,60.0,14.0
2015-05-09,india,30.5,34.8,27.3,0.0,68.0,19.4
2015-05-09,mexico,29.6,34.1,26.2,0.0,65.0,12.2
2015-05-10,india,30.6,35.2,26.4,0.3,66.0,19.4
2015-05-10,mexico,29.4,33.6,25.8,0.0,65.0,13.3
2015-05-11,india,30.6,35.3,26.9,0.2,66.0,18.7
2015-05-11,mexico,30.0,34.3,26.0,0.0,63.0,11.4
2015-05-12,india,30.7,33.8,27.6,0.2,72.0,18.7
2015-05-12,mexico,30.0,34.5,26.4,0.0,64.0,13.0
2015-05-13,india,30.2,32.9,27.6,0.8,72.0,12.2
2015-05-13,mexico,30.4,34.5,26.8,2.7,62.0,13.3
2015-05-14,india,29.6,32.5,27.9,4.5,71.0,15.0
2015-05-14,mexico,29.9,33.6,25.1,0.4,58.0,12.2
2015-05-15,india,31.0,34.4,28.5,1.8,70.0,13.6
2015-05-15,mexico,29.5,33.8,26.0,0.1,59.0,12.2
2015-05-16,india,30.9,35.0,27.5,6.8,73.0,14.7
2015-05-16,mexico,28.8,33.7,24.3,0.0,62.0,13.3
2015-05-17,india,31.0,33.9,28.7,0.5,72.0,14.8
2015-05-17,mexico,29.1,33.7,25.6,0.0,65.0,13.3
2015-05-18,india,30.6,33.5,27.3,0.0,75.0,14.4
2015-05-18,mexico,29.0,33.3,25.7,1.1,66.0,12.2
2015-05-19,india,30.0,32.6,27.5,0.0,75.0,13.7
2015-05-19,mexico,29.0,33.5,25.5,0.0,65.0,13.4
2015-05-20,india,30.1,32.9,27.0,0.0,73.0,14.4
2015-05-20,mexico,29.1,33.6,25.6,2.1,63.0,13.7
2015-05-21,india,30.1,32.3,27.5,0.0,74.0,13.7
2015-05-21,mexico,29.4,32.9,27.0,0.5,67.0,15.1
2015-05-22,india,30.5,33.0,27.3,0.0,77.0,14.4
2015-05-22,mexico,29.9,34.3,26.4,3.4,60.0,13.0
2015-05-23,india,30.3,33.0,27.8,0.3,75.0,12.6
2015-05-23,mexico,28.5,32.0,25.5,10.1,59.0,11.9
2015-05-24,india,30.7,33.2,27.8,0.1,73.0,13.3
2015-05-24,mexico,29.1,32.8,26.1,0.5,61.0,12.2
2015-05-25,india,30.5,34.3,27.9,0.0,75.0,14.8
2015-05-25,mexico,29.5,33.8,25.6,3.3,61.0,10.8
2015-05-26,india,30.4,33.0,27.7,0.0,74.0,14.8
2015-05-26,mexico,28.5,33.0,24.9,3.8,67.0,11.9
2015-05-27,india,30.2,32.9,26.7,0.0,73.0,17.3
2015-05-27,mexico,28.3,33.0,24.4,1.8,67.0,11.9
2015-05-28,india,30.6,33.0,27.3,0.0,75.0,16.6
2015-05-28,mexico,28.4,31.8,24.9,0.8,66.0,11.9
2015-05-29,india,30.1,32.5,27.9,0.0,75.0,18.4
2015-05-29,mexico,27.5,30.8,23.0,0.4,69.0,11.8
2015-05-30,india,29.9,33.0,27.4,0.0,79.0,14.4
2015-05-30,mexico,27.5,31.0,24.4,2.0,72.0,9.4
2015-05-31,india,30.1,33.3,26.9,0.2,79.0,12.8
2015-05-31,mexico,27.7,32.3,23.0,0.2,70.0,11.2
2015-06-01,india,29.5,31.5,27.2,0.0,75.0,10.4
2015-06-01,mexico,28.0,33.0,23.3,0.0,69.0,11.5
2015-06-02,india,30.2,32.9,27.1,0.0,71.0,9.7
2015-06-02,mexico,28.5,33.2,24.3,0.0,70.0,11.0
2015-06-03,india,30.2,33.3,26.4,0.2,70.0,10.1
2015-06-03,mexico,28.5,32.9,24.5,2.3,71.0,12.2
2015-06-04,india,30.2,33.7,27.1,1.0,71.0,15.1
2015-06-04,mexico,28.4,32.9,24.7,4.0,70.0,15.0
2015-06-05,india,28.9,31.3,27.3,11.2,74.0,10.4
2015-06-05,mexico,27.4,30.3,24.8,20.7,72.0,11.3
2015-06-06,india,30.0,33.2,27.0,3.2,69.0,13.9
2015-06-06,mexico,28.2,31.7,24.9,8.6,66.0,11.6
2015-06-07,india,30.1,33.3,28.0,3.1,69.0,27.2
2015-06-07,mexico,27.9,31.5,24.4,0.7,70.0,10.4
2015-06-08,india,29.0,32.1,27.0,11.0,70.0,22.7
2015-06-08,mexico,26.0,30.2,23.3,11.7,76.0,11.6
2015-06-09,india,28.4,31.3,26.5,7.0,73.0,19.4
2015-06-09,mexico,26.0,29.6,22.6,23.4,79.0,14.8
2015-06-10,india,29.0,31.1,26.6,4.3,75.0,17.4
2015-06-10,mexico,26.7,30.2,23.6,0.2,76.0,15.6
2015-06-11,india,29.0,31.6,27.0,17.5,74.0,16.2
2015-06-11,mexico,25.7,27.7,24.7,33.7,81.0,14.8
2015-06-12,india,28.3,30.6,26.7,16.4,72.0,9.0
2015-06-12,mexico,26.0,29.8,23.1,35.0,77.0,7.6
2015-06-13,india,27.2,28.8,26.1,32.1,79.0,16.0
2015-06-13,mexico,26.2,30.2,22.6,24.3,72.0,11.5
2015-06-14,india,26.1,27.4,24.8,65.3,86.0,13.9
2015-06-14,mexico,27.6,32.0,24.2,1.1,67.0,9.4
2015-06-15,india,26.8,28.6,24.7,17.3,81.0,12.2
2015-06-15,mexico,28.5,32.4,25.6,0.0,69.0,13.0
2015-06-16,india,26.9,29.3,25.2,25.8,83.0,13.8
2015-06-16,mexico,27.9,32.4,24.0,0.0,72.0,9.0
2015-06-17,india,26.4,28.7,24.9,45.62,84.0,20.3
2015-06-17,mexico,27.2,30.9,24.1,0.4,74.0,7.9
2015-06-18,india,25.7,26.0,25.3,64.0,91.0,17.2
2015-06-18,mexico,28.5,32.7,24.8,1.2,60.0,14.0
2015-06-19,india,26.2,26.8,25.6,38.2,90.0,22.7
2015-06-19,mexico,29.2,33.7,25.7,0.6,63.0,11.5
2015-06-20,india,26.3,26.5,26.1,44.14,90.0,27.2
2015-06-20,mexico,28.6,33.0,24.9,0.0,63.0,11.8
2015-06-21,india,26.5,26.9,26.1,46.1,89.0,28.3
2015-06-21,mexico,29.2,34.2,24.8,0.0,65.0,9.7
2015-06-22,india,27.4,28.8,26.0,11.7,88.0,28.2
2015-06-22,mexico,29.3,34.3,25.2,0.0,60.0,12.8
2015-06-23,india,26.6,27.7,26.2,48.2,90.0,34.0
2015-06-23,mexico,28.8,34.1,24.3,0.0,61.0,13.1
2015-06-24,india,26.8,27.6,25.9,23.4,91.0,31.4
2015-06-24,mexico,29.1,33.2,23.8,0.0,58.0,13.0
2015-06-25,india,27.3,28.7,25.8,10.1,91.0,24.5
2015-06-25,mexico,29.5,33.5,24.7,0.0,62.0,13.0
2015-06-26,india,27.1,28.7,25.8,5.9,89.0,22.3
2015-06-26,mexico,30.1,34.7,25.0,0.0,60.0,12.5
2015-06-27,india,27.5,29.6,25.8,7.0,89.0,18.0
2015-06-27,mexico,29.7,34.0,25.6,2.9,58.0,11.5
2015-06-28,india,27.5,29.5,25.8,5.4,89.0,15.8
2015-06-28,mexico,28.9,33.2,25.3,0.0,63.0,11.0
2015-06-29,india,27.3,30.8,25.6,3.2,87.0,13.3
2015-06-29,mexico,28.7,32.5,24.8,1.1,65.0,11.2
2015-06-30,india,26.6,28.1,25.0,2.7,84.0,9.0
2015-06-30,mexico,28.7,33.7,23.7,0.0,67.0,11.9
2015-07-01,india,26.7,29.0,24.8,4.2,85.0,12.2
2015-07-01,mexico,28.7,33.1,24.6,5.1,67.0,11.9
2015-07-02,india,27.3,29.7,25.7,2.4,85.0,10.6
2015-07-02,mexico,29.2,33.5,25.7,0.0,64.0,13.0
2015-07-03,india,27.6,29.7,25.9,2.9,86.0,15.1
2015-07-03,mexico,29.3,33.9,24.2,0.0,63.0,12.8
2015-07-04,india,27.4,30.5,25.3,4.7,88.0,13.3
2015-07-04,mexico,28.7,33.8,25.1,0.0,63.0,12.2
2015-07-05,india,27.7,30.0,26.2,4.7,87.0,14.4
2015-07-05,mexico,29.3,34.1,25.7,0.0,62.0,12.4
2015-07-06,india,27.6,29.2,26.2,6.7,87.0,17.8
2015-07-06,mexico,28.9,33.6,24.5,0.0,65.0,10.7
2015-07-07,india,27.4,29.1,25.8,7.6,87.0,15.8
2015-07-07,mexico,27.9,31.8,23.5,0.0,64.0,11.9
2015-07-08,india,27.0,28.2,25.9,7.9,88.0,16.2
2015-07-08,mexico,28.2,32.6,24.2,0.0,58.0,10.7
2015-07-09,india,26.7,28.5,25.7,10.3,88.0,15.7
2015-07-09,mexico,27.3,30.9,24.5,4.3,62.0,13.0
2015-07-10,india,27.0,28.9,25.6,7.1,89.0,18.7
2015-07-10,mexico,26.2,29.4,23.7,6.8,72.0,8.6
2015-07-11,india,27.3,28.7,25.5,8.1,88.0,19.4
2015-07-11,mexico,26.3,29.8,23.0,7.3,72.0,7.9
2015-07-12,india,27.3,29.3,25.7,6.4,86.0,16.2
2015-07-12,mexico,28.0,32.8,23.5,0.0,62.0,10.4
2015-07-13,india,27.2,29.6,25.4,3.7,87.0,10.4
2015-07-13,mexico,27.7,31.6,23.2,0.0,64.0,11.5
2015-07-14,india,27.7,30.2,25.1,3.5,85.0,12.6
2015-07-14,mexico,27.2,31.8,22.9,0.0,67.0,11.5
2015-07-15,india,27.5,29.5,26.0,4.1,83.0,16.2
2015-07-15,mexico,27.3,32.4,22.9,0.0,71.0,12.2
2015-07-16,india,27.1,29.0,25.7,9.4,84.0,17.5
2015-07-16,mexico,27.9,32.6,22.5,2.8,66.0,13.7
2015-07-17,india,27.1,28.7,26.0,8.9,87.0,18.4
2015-07-17,mexico,28.4,32.5,24.3,0.7,61.0,9.7
2015-07-18,india,27.0,28.7,25.9,11.2,88.0,18.7
2015-07-18,mexico,27.3,31.9,24.0,2.9,67.0,11.2
2015-07-19,india,26.9,28.6,25.7,12.4,87.0,22.0
2015-07-19,mexico,27.1,31.6,22.8,4.2,70.0,13.7
2015-07-20,india,26.9,29.0,25.6,10.8,87.0,17.3
2015-07-20,mexico,27.6,32.3,22.7,0.5,65.0,12.6
2015-07-21,india,26.6,28.5,25.8,10.5,88.0,17.6
2015-07-21,mexico,27.7,32.3,23.6,0.0,62.0,13.3
2015-07-22,india,26.8,28.0,25.8,10.9,87.0,17.6
2015-07-22,mexico,28.4,32.9,23.9,0.0,65.0,10.8
2015-07-23,india,26.6,27.9,25.6,15.1,87.0,18.4
2015-07-23,mexico,28.0,32.6,24.4,1.1,73.0,11.9
2015-07-24,india,26.4,27.5,25.5,32.9,88.0,17.3
2015-07-24,mexico,28.1,33.3,24.4,11.9,72.0,11.2
2015-07-25,india,26.4,28.4,25.2,14.4,88.0,15.8
2015-07-25,mexico,28.2,32.9,23.2,0.1,74.0,11.8
2015-07-26,india,26.3,28.3,25.0,11.5,87.0,16.6
2015-07-26,mexico,28.8,34.3,24.0,0.0,65.0,13.2
2015-07-27,india,26.5,28.7,25.1,11.1,87.0,19.8
2015-07-27,mexico,28.6,33.5,23.6,0.0,65.0,11.8
2015-07-28,india,27.1,29.2,25.2,2.7,87.0,20.5
2015-07-28,mexico,28.8,33.0,24.2,0.0,64.0,12.6
2015-07-29,india,26.5,28.2,25.2,4.1,88.0,18.4
2015-07-29,mexico,28.5,33.4,24.3,0.0,64.0,11.0
2015-07-30,india,26.4,28.3,24.9,6.5,88.0,19.1
2015-07-30,mexico,28.0,32.2,23.5,3.9,68.0,9.7
2015-07-31,india,26.1,27.4,24.9,12.0,88.0,16.9
2015-07-31,mexico,27.8,32.7,23.0,32.6,66.0,12.6
2015-08-01,india,26.4,27.9,24.6,10.7,87.0,15.1
2015-08-01,mexico,28.2,32.8,23.3,0.0,62.0,10.3
2015-08-02,india,26.5,28.4,25.1,3.3,87.0,16.2
2015-08-02,mexico,28.5,32.8,23.7,0.2,64.0,8.3
2015-08-03,india,26.4,28.5,24.9,4.7,87.0,14.4
2015-08-03,mexico,28.7,33.9,24.2,0.0,67.0,11.2
2015-08-04,india,26.0,27.3,24.7,5.0,87.0,18.0
2015-08-04,mexico,29.1,34.3,24.1,0.0,64.0,12.5
2015-08-05,india,25.7,27.2,24.7,14.1,89.0,14.4
2015-08-05,mexico,29.5,34.5,24.2,0.0,63.0,12.8
2015-08-06,india,26.0,27.2,24.8,12.7,91.0,21.2
2015-08-06,mexico,29.1,33.7,25.0,0.0,65.0,11.9
2015-08-07,india,26.1,27.2,24.7,9.4,89.0,16.2
2015-08-07,mexico,28.8,33.1,23.9,0.0,65.0,13.3
2015-08-08,india,26.1,27.8,25.0,6.8,89.0,14.6
2015-08-08,mexico,29.0,33.9,25.2,0.0,66.0,12.2
2015-08-09,india,25.7,26.5,25.1,5.4,91.0,14.8
2015-08-09,mexico,28.4,33.3,25.0,0.3,71.0,10.8
2015-08-10,india,25.8,26.8,25.1,8.5,90.0,14.2
2015-08-10,mexico,27.4,32.3,22.9,4.8,71.0,11.2
2015-08-11,india,26.0,27.3,25.0,10.0,88.0,11.9
2015-08-11,mexico,26.8,31.4,22.6,2.1,69.0,8.6
2015-08-12,india,26.5,28.6,24.9,9.3,85.0,11.9
2015-08-12,mexico,26.6,31.0,22.6,3.1,71.0,9.7
2015-08-13,india,26.2,28.6,24.7,12.1,86.0,13.3
2015-08-13,mexico,27.7,32.6,23.9,0.4,70.0,13.0
2015-08-14,india,26.3,28.2,24.9,12.4,85.0,16.2
2015-08-14,mexico,27.9,33.7,23.4,3.0,68.0,13.0
2015-08-15,india,26.7,28.9,24.9,11.6,84.0,10.4
2015-08-15,mexico,27.5,32.3,22.5,1.4,68.0,10.4
2015-08-16,india,26.6,28.3,25.0,3.2,85.0,9.7
2015-08-16,mexico,27.9,31.7,23.9,0.0,63.0,11.9
2015-08-17,india,26.9,29.5,24.7,2.0,84.0,9.7
2015-08-17,mexico,28.2,33.2,23.4,7.1,67.0,11.9
2015-08-18,india,27.7,29.9,24.6,1.1,82.0,10.4
2015-08-18,mexico,28.8,33.4,24.1,0.0,70.0,11.3
2015-08-19,india,27.9,30.3,25.1,0.4,84.0,13.3
2015-08-19,mexico,28.2,33.9,23.6,0.2,69.0,12.0
2015-08-20,india,27.4,29.7,25.6,3.9,84.0,13.7
2015-08-20,mexico,28.6,33.5,24.5,0.0,69.0,11.2
2015-08-21,india,27.0,29.3,24.9,10.1,83.0,10.4
2015-08-21,mexico,29.1,33.9,24.2,0.2,64.0,13.0
2015-08-22,india,26.3,28.6,25.0,7.2,85.0,14.8
2015-08-22,mexico,28.8,33.7,23.9,0.0,61.0,13.0
2015-08-23,india,26.5,28.5,24.8,5.2,86.0,12.6
2015-08-23,mexico,27.9,32.3,23.6,0.0,69.0,11.2
2015-08-24,india,26.5,28.9,24.3,3.1,84.0,11.9
2015-08-24,mexico,28.6,33.8,24.1,0.0,65.0,13.8
2015-08-25,india,26.0,27.8,25.0,2.1,85.0,13.3
2015-08-25,mexico,27.2,32.7,22.9,0.2,69.0,11.9
2015-08-26,india,26.4,28.0,24.2,2.2,85.0,14.8
2015-08-26,mexico,27.3,32.9,22.4,0.4,70.0,11.2
2015-08-27,india,26.5,28.2,24.6,3.0,84.0,14.0
2015-08-27,mexico,27.8,32.7,24.0,0.3,68.0,10.8
2015-08-28,india,26.2,28.4,24.3,3.0,82.0,10.8
2015-08-28,mexico,27.9,32.2,23.9,8.5,66.0,12.6
2015-08-29,india,26.2,27.7,24.6,4.1,84.0,11.9
2015-08-29,mexico,28.5,33.2,24.1,0.1,69.0,10.7
2015-08-30,india,26.5,28.8,24.5,3.9,81.0,12.2
2015-08-30,mexico,28.2,32.5,24.3,0.8,66.0,11.4
2015-08-31,india,26.8,28.8,25.0,2.1,81.0,11.5
2015-08-31,mexico,28.2,32.8,24.1,1.7,61.0,9.0
2015-09-01,india,26.4,28.5,24.7,2.3,87.0,15.7
2015-09-01,mexico,26.6,30.9,23.6,12.7,75.0,8.6
2015-09-02,india,26.9,29.2,23.9,3.3,80.0,11.5
2015-09-02,mexico,27.3,32.2,22.8,13.7,71.0,11.5
2015-09-03,india,26.8,29.7,23.0,1.2,80.0,9.7
2015-09-03,mexico,27.5,32.6,24.0,0.5,69.0,11.0
2015-09-04,india,27.3,30.2,23.3,0.2,77.0,10.5
2015-09-04,mexico,26.8,29.6,24.5,0.7,74.0,8.8
2015-09-05,india,27.5,31.0,24.6,0.0,87.0,15.5
2015-09-05,mexico,26.2,29.3,23.8,0.5,76.0,10.5
2015-09-06,india,27.4,30.0,24.5,0.0,87.0,14.3
2015-09-06,mexico,28.5,32.6,25.3,1.6,65.0,10.0
2015-09-07,india,27.6,29.4,25.3,5.5,75.0,13.0
2015-09-07,mexico,27.6,30.7,24.5,0.0,72.0,6.8
2015-09-08,india,26.8,29.5,24.1,11.6,77.0,12.2
2015-09-08,mexico,28.4,33.6,23.9,0.0,63.0,11.3
2015-09-09,india,26.5,29.8,23.9,12.6,78.0,11.5
2015-09-09,mexico,27.5,31.2,24.3,0.1,69.0,9.0
2015-09-10,india,26.5,29.8,24.4,38.4,81.0,12.6
2015-09-10,mexico,27.5,30.9,24.2,0.5,69.0,11.9
2015-09-11,india,26.2,28.1,24.4,122.9,83.0,10.2
2015-09-11,mexico,27.7,32.2,24.0,2.3,71.0,10.2
2015-09-12,india,27.0,29.9,24.2,3.1,80.0,13.4
2015-09-12,mexico,27.7,32.7,23.2,2.2,69.0,10.4
2015-09-13,india,27.0,29.9,24.6,7.7,82.0,14.0
2015-09-13,mexico,26.8,31.7,23.2,7.3,73.0,10.4
2015-09-14,india,26.5,28.9,24.7,19.0,84.0,8.6
2015-09-14,mexico,26.9,32.1,23.2,3.1,75.0,10.8
2015-09-15,india,26.7,29.0,24.4,38.3,80.0,15.5
2015-09-15,mexico,27.4,31.6,24.1,1.3,74.0,10.1
2015-09-16,india,26.6,28.8,24.4,32.4,83.0,11.8
2015-09-16,mexico,27.6,30.9,23.8,0.0,78.0,10.5
2015-09-17,india,26.4,28.7,24.4,5.3,85.0,13.5
2015-09-17,mexico,26.9,30.2,24.0,0.2,76.0,11.2
2015-09-18,india,26.1,27.9,24.4,4.3,86.0,14.2
2015-09-18,mexico,26.4,29.3,23.9,6.2,77.0,10.5
2015-09-19,india,27.0,29.8,24.4,1.6,85.0,16.2
2015-09-19,mexico,26.4,29.5,23.7,1.3,78.0,10.5
2015-09-20,india,26.4,29.7,24.6,3.7,85.0,14.0
2015-09-20,mexico,27.6,31.4,24.8,0.2,76.0,11.2
2015-09-21,india,26.5,29.0,24.2,4.8,84.0,12.6
2015-09-21,mexico,27.1,31.4,23.8,9.8,77.0,11.2
2015-09-22,india,26.7,29.4,24.0,2.0,84.0,13.0
2015-09-22,mexico,26.6,29.7,23.2,7.5,79.0,9.7
2015-09-23,india,27.5,30.1,24.0,1.0,85.0,9.0
2015-09-23,mexico,26.4,31.5,23.4,9.9,79.0,7.4
2015-09-24,india,27.8,30.4,24.1,0.2,84.0,14.4
2015-09-24,mexico,25.7,29.5,22.6,8.33,82.0,10.1
2015-09-25,india,27.9,31.3,24.7,0.0,81.0,14.4
2015-09-25,mexico,24.9,28.7,22.5,31.59,79.0,11.9
2015-09-26,india,27.2,29.9,24.2,0.0,78.0,13.3
2015-09-26,mexico,25.7,30.3,22.2,17.47,80.0,10.0
2015-09-27,india,27.5,30.7,24.0,0.0,77.0,16.9
2015-09-27,mexico,26.4,31.9,22.3,3.9,76.0,11.2
2015-09-28,india,28.1,31.9,23.3,0.0,77.0,13.3
2015-09-28,mexico,26.4,31.0,23.1,7.4,78.0,9.7
2015-09-29,india,29.0,33.7,24.5,0.0,73.0,10.4
2015-09-29,mexico,26.3,30.7,22.9,21.0,77.0,10.2
2015-09-30,india,29.4,34.2,25.8,3.0,73.0,9.7
2015-09-30,mexico,26.8,32.3,22.7,9.9,75.0,9.7
2015-10-01,india,28.1,31.9,25.2,32.9,81.0,9.7
2015-10-01,mexico,26.7,31.6,22.8,8.7,78.0,11.9
2015-10-02,india,27.3,30.4,25.4,15.1,81.0,11.9
2015-10-02,mexico,26.3,30.8,22.7,0.9,74.0,10.6
2015-10-03,india,27.3,30.0,25.3,17.2,81.0,8.3
2015-10-03,mexico,26.3,31.2,23.0,0.0,70.0,12.2
2015-10-04,india,27.0,30.9,24.9,9.5,81.0,7.9
2015-10-04,mexico,26.7,30.9,22.4,0.3,74.0,10.7
2015-10-05,india,27.0,29.9,24.7,17.9,83.0,8.6
2015-10-05,mexico,27.6,31.8,24.1,5.9,75.0,10.9
2015-10-06,india,27.8,31.3,23.8,0.0,74.0,8.3
2015-10-06,mexico,27.9,32.0,25.2,1.4,74.0,10.8
2015-10-07,india,27.8,32.1,24.2,3.7,79.0,10.4
2015-10-07,mexico,27.4,32.0,23.6,0.0,71.0,8.2
2015-10-08,india,27.9,31.3,23.9,0.6,78.0,10.1
2015-10-08,mexico,27.4,32.6,23.1,0.0,70.0,10.0
2015-10-09,india,28.1,31.2,25.1,3.0,82.0,14.6
2015-10-09,mexico,27.6,32.2,23.7,0.4,68.0,7.2
2015-10-10,india,27.8,30.8,24.8,1.2,83.0,17.4
2015-10-10,mexico,27.0,32.0,23.3,0.3,72.0,9.8
2015-10-11,india,27.6,31.4,24.7,2.6,84.0,19.4
2015-10-11,mexico,27.3,32.1,23.4,0.0,70.0,11.5
2015-10-12,india,27.9,31.5,24.4,0.3,83.0,14.8
2015-10-12,mexico,26.9,31.6,23.1,0.3,69.0,11.0
2015-10-13,india,27.9,31.1,24.0,2.8,82.0,10.8
2015-10-13,mexico,27.1,31.5,23.4,1.3,73.0,10.3
2015-10-14,india,28.4,33.2,24.0,0.7,72.0,9.0
2015-10-14,mexico,27.3,32.8,23.3,0.4,72.0,10.7
2015-10-15,india,28.8,33.8,24.5,0.0,66.0,7.2
2015-10-15,mexico,26.9,31.4,23.7,15.4,71.0,10.1
2015-10-16,india,28.7,32.6,24.8,0.1,74.0,6.1
2015-10-16,mexico,25.1,28.4,22.7,36.8,82.0,9.4
2015-10-17,india,28.9,33.1,24.5,0.0,79.0,7.6
2015-10-17,mexico,24.9,28.5,22.7,107.4,83.0,10.0
2015-10-18,india,29.0,32.2,25.3,0.9,77.0,7.2
2015-10-18,mexico,25.0,28.7,22.5,3.4,78.0,15.6
2015-10-19,india,29.1,32.3,24.7,2.1,77.0,9.0
2015-10-19,mexico,24.7,27.7,22.5,15.6,76.0,17.3
2015-10-20,india,29.3,34.3,24.6,0.0,71.0,9.7
2015-10-20,mexico,25.2,29.1,22.3,1.4,80.0,11.9
2015-10-21,india,29.3,33.8,25.0,0.0,62.0,9.0
2015-10-21,mexico,25.5,30.6,22.5,12.7,83.0,9.7
2015-10-22,india,29.2,33.8,25.1,0.0,60.0,11.2
2015-10-22,mexico,26.2,31.3,22.0,8.2,78.0,14.0
2015-10-23,india,29.3,32.6,25.1,0.0,62.0,9.4
2015-10-23,mexico,26.0,28.7,24.3,2.1,84.0,9.4
2015-10-24,india,29.6,33.6,27.1,0.0,66.0,9.7
2015-10-24,mexico,26.0,29.5,23.5,0.0,75.0,9.9
2015-10-25,india,28.8,32.0,25.6,0.6,66.0,9.7
2015-10-25,mexico,26.9,31.0,23.9,4.7,74.0,14.4
2015-10-26,india,28.5,31.9,25.0,0.0,66.0,11.5
2015-10-26,mexico,26.1,30.4,23.1,31.0,78.0,9.4
2015-10-27,india,27.5,31.3,24.6,0.7,71.0,9.0
2015-10-27,mexico,26.5,31.3,22.7,12.8,76.0,10.4
2015-10-28,india,27.7,32.4,23.5,0.2,70.0,10.1
2015-10-28,mexico,26.6,31.5,23.0,1.84,78.0,10.0
2015-10-29,india,28.0,32.1,24.0,0.0,71.0,7.9
2015-10-29,mexico,26.6,31.7,22.7,1.8,79.0,12.6
2015-10-30,india,28.5,32.6,24.7,0.0,72.0,9.4
2015-10-30,mexico,26.5,31.6,23.4,7.6,77.0,14.0
2015-10-31,india,29.2,34.5,24.2,0.0,68.0,12.0
2015-10-31,mexico,26.8,31.6,23.4,0.6,73.0,11.5
2015-11-01,india,29.2,32.8,25.1,0.0,70.0,10.4
2015-11-01,mexico,26.8,31.7,22.0,0.2,78.0,10.1
2015-11-02,india,28.3,32.7,25.1,0.8,72.0,11.8
2015-11-02,mexico,26.7,31.6,23.6,0.0,76.0,10.8
2015-11-03,india,27.5,31.3,24.6,1.1,73.0,9.2
2015-11-03,mexico,26.7,31.0,22.7,0.1,71.0,9.7
2015-11-04,india,27.7,31.3,24.9,7.0,76.0,6.5
2015-11-04,mexico,26.7,31.3,22.1,0.8,72.0,10.8
2015-11-05,india,27.8,31.1,25.3,9.2,78.0,6.8
2015-11-05,mexico,26.0,30.5,21.6,0.9,69.0,10.8
2015-11-06,india,28.1,31.2,24.5,0.0,77.0,12.2
2015-11-06,mexico,26.5,31.4,22.2,0.0,71.0,10.1
2015-11-07,india,28.4,33.4,24.5,0.0,67.0,10.1
2015-11-07,mexico,26.9,32.3,22.7,0.0,71.0,10.4
2015-11-08,india,28.2,33.1,24.5,0.0,62.0,12.2
2015-11-08,mexico,27.4,31.5,24.4,0.0,74.0,9.4
2015-11-09,india,27.8,32.8,24.5,0.0,62.0,12.2
2015-11-09,mexico,27.0,32.6,23.0,0.1,76.0,11.2
2015-11-10,india,27.0,31.5,23.4,0.0,55.0,12.4
2015-11-10,mexico,27.4,32.3,23.5,0.0,72.0,10.9
2015-11-11,india,28.0,33.2,23.0,0.0,59.0,12.6
2015-11-11,mexico,26.5,31.1,23.5,0.0,74.0,10.1
2015-11-12,india,28.2,33.3,23.5,0.0,61.0,12.2
2015-11-12,mexico,25.5,29.3,23.7,15.8,76.0,7.6
2015-11-13,india,27.2,31.7,23.8,0.0,64.0,11.5
2015-11-13,mexico,26.4,30.3,23.2,1.1,78.0,8.6
2015-11-14,india,27.6,34.0,23.0,0.0,57.0,11.9
2015-11-14,mexico,26.7,31.1,24.4,4.5,76.0,10.1
2015-11-15,india,27.3,32.5,23.4,0.0,56.0,11.9
2015-11-15,mexico,26.6,30.9,23.2,0.1,75.0,9.7
2015-11-16,india,27.5,33.2,23.5,0.0,56.0,12.6
2015-11-16,mexico,26.6,31.5,22.8,0.0,74.0,9.0
2015-11-17,india,27.4,32.9,23.3,0.0,59.0,10.8
2015-11-17,mexico,27.2,31.9,23.8,0.0,76.0,11.2
2015-11-18,india,27.4,33.1,22.6,0.0,52.0,12.5
2015-11-18,mexico,27.1,31.3,24.3,1.4,79.0,10.1
2015-11-19,india,28.0,32.8,23.9,0.0,51.0,15.6
2015-11-19,mexico,26.8,30.7,23.0,19.2,73.0,10.8
2015-11-20,india,27.9,31.2,23.9,11.04,69.0,13.3
2015-11-20,mexico,27.1,31.1,24.5,0.3,74.0,8.3
2015-11-21,india,27.2,30.2,24.8,5.7,81.0,13.0
2015-11-21,mexico,25.1,26.6,22.6,13.1,78.0,7.9
2015-11-22,india,28.0,32.3,24.1,0.7,80.0,10.8
2015-11-22,mexico,26.6,30.0,24.5,6.2,75.0,7.9
2015-11-23,india,27.8,31.0,24.4,8.4,79.0,11.2
2015-11-23,mexico,26.1,30.0,23.1,1.4,75.0,10.1
2015-11-24,india,27.1,30.2,24.9,1.7,83.0,15.2
2015-11-24,mexico,26.5,30.7,23.6,0.7,75.0,9.4
2015-11-25,india,27.9,31.4,24.3,0.2,77.0,12.6
2015-11-25,mexico,26.5,31.2,22.7,0.0,73.0,10.9
2015-11-26,india,27.3,31.6,23.5,0.0,68.0,10.8
2015-11-26,mexico,27.0,31.9,22.6,0.0,70.0,8.9
2015-11-27,india,27.3,32.2,23.3,0.0,68.0,9.0
2015-11-27,mexico,27.1,32.0,24.4,0.0,71.0,10.2
2015-11-28,india,27.2,30.5,24.1,0.0,70.0,9.7
2015-11-28,mexico,27.1,32.1,23.0,1.3,68.0,11.9
2015-11-29,india,27.2,32.3,22.6,0.0,62.0,12.6
2015-11-29,mexico,26.9,30.5,23.6,0.0,67.0,13.7
2015-11-30,india,27.5,32.6,22.8,0.0,67.0,11.4
2015-11-30,mexico,26.0,30.9,21.2,0.0,67.0,12.2
2015-12-01,india,28.3,32.5,24.1,0.1,74.0,10.7
2015-12-01,mexico,26.5,32.1,22.8,0.0,60.0,9.7
2015-12-02,india,28.3,32.9,24.1,0.0,73.0,12.2
2015-12-02,mexico,26.9,31.5,24.3,0.0,66.0,10.4
2015-12-03,india,28.5,32.0,24.8,0.0,67.0,13.2
2015-12-03,mexico,25.3,28.4,23.3,0.0,70.0,5.4
2015-12-04,india,28.3,32.7,24.4,0.0,60.0,12.0
2015-12-04,mexico,26.9,32.3,22.7,0.0,65.0,13.0
2015-12-05,india,27.4,32.2,23.3,0.0,62.0,13.0
2015-12-05,mexico,26.8,32.3,23.1,0.0,61.0,11.9
2015-12-06,india,27.2,32.8,22.5,0.0,60.0,11.9
2015-12-06,mexico,26.9,31.8,22.9,0.0,61.0,9.0
2015-12-07,india,26.6,32.5,22.6,0.0,61.0,11.9
2015-12-07,mexico,27.3,32.5,22.6,0.0,61.0,9.0
2015-12-08,india,26.4,32.7,22.0,0.0,55.0,14.0
2015-12-08,mexico,26.7,32.2,22.7,0.0,65.0,9.7
2015-12-09,india,26.3,32.0,22.3,0.0,54.0,11.5
2015-12-09,mexico,27.0,32.5,23.2,0.0,63.0,12.2
2015-12-10,india,27.5,32.4,23.6,0.0,61.0,10.4
2015-12-10,mexico,26.9,32.2,22.7,0.0,65.0,12.6
2015-12-11,india,26.9,30.1,23.1,0.0,71.0,10.8
2015-12-11,mexico,27.0,32.5,22.8,0.0,65.0,11.8
2015-12-12,india,26.6,31.3,22.5,0.0,72.0,11.2
2015-12-12,mexico,27.5,32.7,23.6,0.0,66.0,11.2
2015-12-13,india,26.6,31.6,22.2,0.0,62.0,11.5
2015-12-13,mexico,27.4,32.7,24.1,0.0,59.0,14.4
2015-12-14,india,27.0,31.3,23.4,0.0,59.0,13.0
2015-12-14,mexico,27.1,32.0,23.1,0.0,63.0,14.8
2015-12-15,india,27.2,31.8,23.8,0.1,63.0,9.7
2015-12-15,mexico,26.9,32.1,22.5,0.0,68.0,13.0
2015-12-16,india,27.1,31.2,23.4,0.0,65.0,13.7
2015-12-16,mexico,26.7,31.7,23.3,0.0,73.0,11.9
2015-12-17,india,26.5,30.4,22.7,0.0,61.0,14.8
2015-12-17,mexico,27.1,31.9,24.2,0.0,72.0,13.7
2015-12-18,india,26.2,29.9,23.2,0.0,55.0,13.4
2015-12-18,mexico,26.2,29.8,22.9,0.0,66.0,11.7
2015-12-19,india,26.1,30.6,22.3,0.0,52.0,12.8
2015-12-19,mexico,25.9,29.6,22.8,0.0,65.0,10.6
2015-12-20,india,26.1,31.1,22.7,0.0,52.0,11.9
2015-12-20,mexico,25.9,29.6,22.6,0.0,67.0,11.9
2015-12-21,india,26.6,31.8,23.5,0.0,62.0,13.3
2015-12-21,mexico,27.4,33.3,23.1,0.0,65.0,11.5
2015-12-22,india,25.9,31.3,21.9,0.0,56.0,21.2
2015-12-22,mexico,27.0,33.0,22.1,0.0,61.0,10.8
2015-12-23,india,24.9,31.1,20.8,0.0,54.0,15.8
2015-12-23,mexico,27.2,33.0,22.4,0.0,60.0,11.5
2015-12-24,india,25.1,30.8,20.8,0.0,54.0,11.9
2015-12-24,mexico,27.3,33.0,22.7,0.0,57.0,12.2
2015-12-25,india,25.8,31.1,22.0,0.0,44.0,17.6
2015-12-25,mexico,27.6,33.6,22.7,0.0,58.0,11.5
2015-12-26,india,25.1,30.5,21.2,0.0,38.0,16.9
2015-12-26,mexico,27.6,33.5,23.9,0.0,64.0,11.2
2015-12-27,india,25.3,31.1,20.9,0.0,36.0,14.8
2015-12-27,mexico,27.4,32.9,22.6,0.0,63.0,12.6
2015-12-28,india,25.9,31.9,19.9,0.0,38.0,13.3
2015-12-28,mexico,26.3,29.9,22.4,0.0,64.0,12.3
2015-12-29,india,26.3,32.6,21.9,0.0,49.0,12.9
2015-12-29,mexico,27.3,32.6,23.4,0.0,67.0,13.0
2015-12-30,india,26.8,34.2,22.4,0.0,41.0,12.2
2015-12-30,mexico,27.9,33.1,23.9,0.0,66.0,12.2
2015-12-31,india,26.7,31.9,21.6,0.0,42.0,14.0
2015-12-31,mexico,28.3,34.0,23.9,0.0,63.0,11.9
2016-01-01,india,27.2,33.5,22.2,0.0,44.0,13.7
2016-01-01,mexico,28.4,33.4,24.5,0.0,63.0,13.3
2016-01-02,india,26.1,33.6,21.8,0.0,46.0,12.2
2016-01-02,mexico,27.9,33.0,23.0,0.0,59.0,12.2
2016-01-03,india,25.9,32.3,21.5,0.0,47.0,10.8
2016-01-03,mexico,27.8,33.0,24.1,0.0,61.0,11.9
2016-01-04,india,25.9,32.8,21.6,0.0,54.0,16.4
2016-01-04,mexico,25.9,29.7,22.4,0.0,61.0,12.6
2016-01-05,india,25.8,30.7,21.6,0.0,52.0,11.6
2016-01-05,mexico,27.5,33.1,24.3,0.0,59.0,11.5
2016-01-06,india,25.9,31.7,21.9,0.0,49.0,10.4
2016-01-06,mexico,26.9,32.5,22.7,0.0,57.0,11.2
2016-01-07,india,26.4,33.2,22.3,0.0,53.0,11.2
2016-01-07,mexico,26.4,32.5,21.9,0.0,54.0,12.6
2016-01-08,india,26.1,31.7,22.0,0.0,50.0,9.7
2016-01-08,mexico,26.5,32.9,22.0,0.0,55.0,13.3
2016-01-09,india,25.9,32.9,22.5,0.0,50.0,13.0
2016-01-09,mexico,25.9,32.1,20.9,0.0,52.0,14.0
2016-01-10,india,25.7,30.9,22.1,0.0,48.0,12.6
2016-01-10,mexico,26.5,32.1,22.1,0.0,62.0,11.9
2016-01-11,india,25.4,30.8,21.2,0.0,46.0,13.0
2016-01-11,mexico,26.7,31.8,24.3,0.0,63.0,9.0
2016-01-12,india,24.8,30.4,20.7,0.0,53.0,15.8
2016-01-12,mexico,27.2,31.8,24.2,0.0,64.0,13.0
2016-01-13,india,24.3,29.2,19.8,0.0,62.0,16.2
2016-01-13,mexico,27.1,32.5,23.7,0.0,63.0,13.3
2016-01-14,india,23.7,28.2,19.0,0.0,68.0,12.2
2016-01-14,mexico,26.6,32.7,22.1,0.0,63.0,13.3
2016-01-15,india,23.8,28.0,19.1,0.0,69.0,12.8
2016-01-15,mexico,26.4,32.5,21.8,0.0,60.0,14.4
2016-01-16,india,23.6,27.5,19.9,0.0,70.0,11.9
2016-01-16,mexico,26.8,32.0,23.0,0.0,68.0,15.1
2016-01-17,india,23.7,28.0,19.8,0.0,63.0,8.3
2016-01-17,mexico,26.9,31.6,23.5,0.3,68.0,13.7
2016-01-18,india,23.8,27.7,19.6,0.0,63.0,11.5
2016-01-18,mexico,27.8,32.7,25.1,0.0,59.0,16.2
2016-01-19,india,24.0,28.4,18.9,0.0,59.0,19.3
2016-01-19,mexico,27.1,31.8,23.1,0.0,65.0,14.8
2016-01-20,india,24.2,29.2,19.3,0.0,48.0,19.4
2016-01-20,mexico,26.5,32.1,21.6,0.0,59.0,12.6
2016-01-21,india,24.5,29.1,19.5,0.0,43.0,16.9
2016-01-21,mexico,26.4,31.8,21.7,0.0,57.0,11.5
2016-01-22,india,25.9,30.9,21.4,0.0,44.0,19.4
2016-01-22,mexico,27.0,32.4,22.7,0.0,54.0,13.0
2016-01-23,india,26.7,32.5,22.6,0.0,50.0,15.5
2016-01-23,mexico,26.8,32.4,23.0,0.0,58.0,14.0
2016-01-24,india,26.7,31.1,22.8,0.0,57.0,11.2
2016-01-24,mexico,26.5,32.0,23.0,0.0,57.0,11.5
2016-01-25,india,25.5,30.6,21.6,0.0,51.0,18.4
2016-01-25,mexico,25.7,32.8,20.8,0.0,49.0,12.6
2016-01-26,india,24.2,29.5,19.4,0.0,57.0,16.6
2016-01-26,mexico,25.7,32.1,21.0,0.0,51.0,13.0
2016-01-27,india,24.1,29.2,19.3,0.0,62.0,13.7
2016-01-27,mexico,26.8,32.0,22.9,0.0,57.0,16.2
2016-01-28,india,25.5,32.9,19.6,0.0,57.0,13.7
2016-01-28,mexico,27.0,32.5,22.2,0.0,59.0,14.0
2016-01-29,india,26.3,33.1,20.2,0.0,49.0,15.8
2016-01-29,mexico,26.6,31.7,22.3,0.0,62.0,14.8
2016-01-30,india,27.1,35.0,22.1,0.0,49.0,14.8
2016-01-30,mexico,26.6,32.6,22.2,0.0,59.0,14.4
2016-01-31,india,26.9,32.5,22.4,0.0,53.0,14.0
2016-01-31,mexico,26.8,33.0,21.9,0.0,62.0,14.4
2016-02-01,india,26.5,32.7,21.7,0.0,49.0,20.5
2016-02-01,mexico,26.6,31.8,22.3,0.0,64.0,15.1
2016-02-02,india,26.9,32.7,21.5,0.0,46.0,17.3
2016-02-02,mexico,26.2,31.6,21.6,0.0,67.0,13.3
2016-02-03,india,26.7,34.1,21.8,0.0,41.0,20.5
2016-02-03,mexico,26.3,31.3,22.5,0.0,65.0,11.9
2016-02-04,india,25.7,33.1,19.5,0.0,44.0,18.0
2016-02-04,mexico,26.8,31.6,22.7,0.0,67.0,14.0
2016-02-05,india,24.5,30.7,18.6,0.0,61.0,14.0
2016-02-05,mexico,27.2,32.5,23.5,0.0,64.0,13.7
2016-02-06,india,24.4,28.5,19.8,0.0,67.0,12.6
2016-02-06,mexico,27.3,32.6,23.0,0.0,54.0,17.3
2016-02-07,india,23.7,28.4,19.8,0.0,69.0,15.1
2016-02-07,mexico,26.6,33.0,22.1,0.0,59.0,14.8
2016-02-08,india,24.7,29.8,19.1,0.0,64.0,16.2
2016-02-08,mexico,26.6,32.5,22.4,0.0,56.0,14.8
2016-02-09,india,25.2,29.7,19.8,0.0,70.0,11.2
2016-02-09,mexico,25.9,30.9,21.7,0.0,55.0,15.1
2016-02-10,india,25.4,29.7,20.8,0.0,69.0,11.9
2016-02-10,mexico,26.5,32.6,22.1,0.0,47.0,13.3
2016-02-11,india,25.1,28.2,21.7,0.0,71.0,14.4
2016-02-11,mexico,26.4,32.4,21.0,0.0,52.0,14.0
2016-02-12,india,23.9,27.8,19.9,0.0,71.0,15.1
2016-02-12,mexico,26.7,32.6,21.2,0.0,53.0,13.7
2016-02-13,india,23.3,27.7,18.6,0.0,70.0,16.9
2016-02-13,mexico,27.2,33.8,22.6,0.0,52.0,15.7
2016-02-14,india,24.6,29.8,19.2,0.0,62.0,13.7
2016-02-14,mexico,26.7,32.4,21.5,0.0,58.0,13.7
2016-02-15,india,25.5,30.8,19.9,0.0,60.0,15.1
2016-02-15,mexico,27.1,33.4,21.8,0.0,57.0,15.1
2016-02-16,india,25.5,30.1,21.3,0.0,62.0,14.8
2016-02-16,mexico,27.7,32.6,23.9,0.0,57.0,15.8
2016-02-17,india,26.0,31.8,21.0,0.0,67.0,15.8
2016-02-17,mexico,27.4,33.5,22.8,0.0,59.0,15.1
2016-02-18,india,26.9,32.8,21.7,0.0,66.0,16.6
2016-02-18,mexico,27.4,32.9,22.2,0.0,63.0,15.1
2016-02-19,india,27.2,32.4,22.5,0.0,69.0,20.2
2016-02-19,mexico,27.6,33.1,22.5,0.0,61.0,13.3
2016-02-20,india,27.3,31.7,22.8,0.0,68.0,21.2
2016-02-20,mexico,28.0,33.5,23.2,0.0,54.0,15.8
2016-02-21,india,28.0,32.3,23.3,0.0,63.0,19.4
2016-02-21,mexico,28.2,34.0,23.2,0.0,53.0,14.8
2016-02-22,india,28.0,33.2,23.4,0.0,50.0,19.8
2016-02-22,mexico,28.2,34.4,22.7,0.0,48.0,14.4
2016-02-23,india,27.5,33.9,22.8,0.0,57.0,16.2
2016-02-23,mexico,27.4,33.7,21.9,0.0,48.0,11.9
2016-02-24,india,26.2,30.1,21.2,0.0,67.0,9.4
2016-02-24,mexico,27.7,32.9,23.6,0.0,56.0,19.8
2016-02-25,india,25.9,30.3,21.3,0.0,66.0,10.4
2016-02-25,mexico,27.3,33.0,22.5,0.0,63.0,15.8
2016-02-26,india,26.4,31.4,20.6,0.0,57.0,15.1
2016-02-26,mexico,28.1,33.1,24.1,0.0,54.0,13.7
2016-02-27,india,27.3,32.7,21.4,0.0,58.0,14.4
2016-02-27,mexico,27.8,32.6,23.5,0.0,51.0,15.5
2016-02-28,india,27.5,31.5,22.6,0.0,70.0,12.6
2016-02-28,mexico,28.1,33.0,24.3,0.0,56.0,15.1
2016-02-29,india,28.3,32.7,23.3,0.4,68.0,13.7
2016-02-29,mexico,27.2,32.7,22.0,0.0,61.0,15.1
2016-03-01,india,28.4,31.8,24.6,0.2,68.0,10.4
2016-03-01,mexico,27.3,32.1,23.6,0.0,64.0,14.4
2016-03-02,india,29.2,34.4,24.5,0.5,67.0,14.4
2016-03-02,mexico,27.2,31.9,23.2,0.3,65.0,16.6
2016-03-03,india,29.4,33.5,25.0,0.5,61.0,13.7
2016-03-03,mexico,27.4,32.0,23.1,0.8,58.0,14.8
2016-03-04,india,30.1,35.9,25.0,0.2,62.0,11.2
2016-03-04,mexico,27.9,32.5,23.4,0.0,53.0,15.8
2016-03-05,india,29.8,34.8,25.4,0.0,56.0,18.8
2016-03-05,mexico,28.0,33.7,22.9,0.0,54.0,16.2
2016-03-06,india,29.1,34.3,25.1,0.0,51.0,19.1
2016-03-06,mexico,28.1,33.3,23.2,0.0,60.0,16.6
2016-03-07,india,28.5,34.5,23.8,0.0,48.0,20.2
2016-03-07,mexico,28.5,33.8,24.5,0.0,55.0,14.4
2016-03-08,india,28.4,33.6,24.0,0.0,50.0,17.3
2016-03-08,mexico,27.8,33.0,22.3,0.6,53.0,13.3
2016-03-09,india,28.8,33.3,24.0,0.0,49.0,17.3
2016-03-09,mexico,27.8,33.4,22.1,1.1,50.0,17.3
2016-03-10,india,29.3,34.4,24.1,0.0,49.0,17.3
2016-03-10,mexico,27.8,33.1,23.8,4.2,58.0,18.7
2016-03-11,india,28.6,33.2,25.2,0.0,71.0,11.9
2016-03-11,mexico,27.6,33.3,21.9,1.3,64.0,16.9
2016-03-12,india,28.1,33.5,23.0,0.0,69.0,20.9
2016-03-12,mexico,28.4,34.1,23.4,0.0,64.0,14.8
2016-03-13,india,27.2,31.3,23.2,0.0,64.0,17.6
2016-03-13,mexico,28.1,33.4,24.6,0.0,66.0,13.7
2016-03-14,india,26.6,32.2,21.8,0.0,63.0,17.6
2016-03-14,mexico,28.1,33.1,24.8,0.0,64.0,15.4
2016-03-15,india,26.4,31.0,21.3,0.0,67.0,14.5
2016-03-15,mexico,28.4,33.6,24.4,0.0,63.0,15.1
2016-03-16,india,26.2,30.5,21.3,0.0,68.0,13.7
2016-03-16,mexico,28.2,33.2,24.2,0.2,65.0,15.5
2016-03-17,india,27.1,31.4,22.0,0.0,67.0,12.2
2016-03-17,mexico,28.4,33.6,24.3,0.0,64.0,16.6
2016-03-18,india,27.9,33.2,21.9,0.0,66.0,20.5
2016-03-18,mexico,27.9,33.2,24.2,0.0,62.0,17.3
2016-03-19,india,29.2,34.0,23.6,0.0,60.0,14.5
2016-03-19,mexico,27.8,32.8,23.4,0.0,62.0,16.6
2016-03-20,india,30.5,36.7,24.4,0.0,49.0,25.2
2016-03-20,mexico,29.2,34.2,25.2,0.0,59.0,14.0
2016-03-21,india,30.7,35.8,25.0,0.0,45.0,26.0
2016-03-21,mexico,29.6,33.9,24.6,0.9,58.0,13.3
2016-03-22,india,29.6,35.3,24.5,0.0,49.0,19.1
2016-03-22,mexico,29.2,33.5,25.1,0.0,59.0,14.8
2016-03-23,india,28.2,33.5,21.8,0.0,64.0,10.4
2016-03-23,mexico,29.2,34.1,24.3,0.0,57.0,14.4
2016-03-24,india,27.8,31.2,23.8,0.0,77.0,14.4
2016-03-24,mexico,28.7,33.8,23.6,0.0,58.0,16.9
2016-03-25,india,28.4,32.0,24.4,0.0,71.0,11.9
2016-03-25,mexico,28.6,33.1,24.5,0.0,63.0,15.5
2016-03-26,india,28.3,32.4,24.2,0.0,70.0,14.4
2016-03-26,mexico,28.4,33.2,23.9,0.0,68.0,14.4
2016-03-27,india,29.0,34.3,24.5,0.2,70.0,12.7
2016-03-27,mexico,28.8,33.1,24.5,0.0,67.0,15.8
2016-03-28,india,28.9,32.7,24.1,0.1,69.0,15.1
2016-03-28,mexico,28.8,33.2,24.8,0.0,65.0,15.5
2016-03-29,india,28.5,32.8,23.7,0.0,69.0,13.0
2016-03-29,mexico,28.9,33.5,25.5,0.0,66.0,16.6
2016-03-30,india,28.4,32.9,22.4,0.0,63.0,17.3
2016-03-30,mexico,28.5,33.4,25.1,0.0,69.0,17.6
2016-03-31,india,28.6,34.8,22.6,0.0,64.0,15.8
2016-03-31,mexico,28.2,31.7,24.9,0.0,69.0,16.9
2016-04-01,india,28.9,34.8,23.7,0.0,62.0,19.4
2016-04-01,mexico,27.8,32.1,24.6,0.0,68.0,14.4
2016-04-02,india,28.3,32.2,23.4,0.0,74.0,16.2
2016-04-02,mexico,28.2,32.0,25.0,0.0,70.0,19.8
2016-04-03,india,28.4,32.2,23.9,0.0,73.0,15.1
2016-04-03,mexico,29.5,33.5,25.6,0.0,67.0,14.0
2016-04-04,india,28.8,34.0,23.9,0.0,73.0,12.5
2016-04-04,mexico,29.5,34.6,25.1,0.0,59.0,14.8
2016-04-05,india,29.5,32.9,26.3,0.0,68.0,15.5
2016-04-05,mexico,29.3,34.0,24.7,0.1,62.0,15.5
2016-04-06,india,29.3,33.4,26.5,0.1,64.0,15.8
2016-04-06,mexico,29.6,34.4,25.3,0.0,60.0,15.5
2016-04-07,india,29.6,34.3,24.6,0.0,58.0,22.8
2016-04-07,mexico,29.2,33.7,24.2,0.0,62.0,15.5
2016-04-08,india,30.6,35.5,26.0,0.0,45.0,21.6
2016-04-08,mexico,29.7,34.5,25.3,0.0,61.0,16.7
2016-04-09,india,30.0,34.5,26.0,0.0,54.0,15.8
2016-04-09,mexico,29.9,34.5,25.4,0.0,62.0,16.2
2016-04-10,india,29.5,34.0,24.2,0.0,64.0,14.8
2016-04-10,mexico,29.4,33.9,24.8,0.0,61.0,16.9
2016-04-11,india,30.4,34.7,25.7,0.0,59.0,21.6
2016-04-11,mexico,29.3,33.9,24.8,0.0,60.0,15.5
2016-04-12,india,30.7,35.2,26.3,0.0,55.0,20.5
2016-04-12,mexico,29.6,34.4,26.0,0.0,58.0,13.7
2016-04-13,india,29.5,34.6,24.7,0.0,65.0,15.8
2016-04-13,mexico,27.6,31.7,23.7,0.0,67.0,11.8
2016-04-14,india,29.6,34.8,25.0,0.0,65.0,16.5
2016-04-14,mexico,27.7,31.1,24.8,0.0,66.0,13.1
2016-04-15,india,29.3,34.5,25.2,0.0,67.0,16.2
2016-04-15,mexico,27.8,30.9,25.1,0.0,67.0,13.3
2016-04-16,india,28.8,33.9,24.7,0.0,69.0,15.5
2016-04-16,mexico,28.0,31.8,25.3,0.0,67.0,12.2
2016-04-17,india,28.8,33.3,25.3,0.0,70.0,15.1
2016-04-17,mexico,27.6,31.3,25.1,0.1,66.0,13.0
2016-04-18,india,29.0,33.9,24.8,0.0,71.0,16.3
2016-04-18,mexico,27.6,31.3,24.4,1.4,66.0,13.4
2016-04-19,india,29.4,33.7,25.9,0.0,70.0,14.8
2016-04-19,mexico,28.1,31.7,24.6,0.0,65.0,14.7
2016-04-20,india,29.3,32.7,26.0,0.0,71.0,15.8
2016-04-20,mexico,28.3,31.4,24.4,0.0,65.0,12.7
2016-04-21,india,29.3,33.5,26.2,0.0,74.0,13.7
2016-04-21,mexico,29.7,33.9,26.7,0.5,65.0,13.2
2016-04-22,india,29.3,32.4,25.1,0.0,68.0,13.7
2016-04-22,mexico,29.8,34.5,25.7,0.3,64.0,14.8
2016-04-23,india,28.8,32.5,24.6,0.0,69.0,15.5
2016-04-23,mexico,29.6,34.3,25.5,7.1,63.0,14.2
2016-04-24,india,28.6,32.2,24.4,0.0,68.0,14.8
2016-04-24,mexico,29.9,33.9,26.0,0.5,63.0,14.0
2016-04-25,india,28.7,34.0,24.2,0.0,67.0,14.8
2016-04-25,mexico,30.3,35.0,26.5,0.0,64.0,16.2
2016-04-26,india,29.0,34.3,23.4,0.0,67.0,15.8
2016-04-26,mexico,29.7,34.1,26.5,0.0,66.0,17.8
2016-04-27,india,30.1,34.8,25.5,0.0,65.0,15.8
2016-04-27,mexico,28.9,34.0,23.9,0.0,64.0,15.1
2016-04-28,india,29.7,33.2,25.6,0.0,76.0,12.2
2016-04-28,mexico,28.8,33.5,24.3,4.9,69.0,14.4
2016-04-29,india,29.6,33.0,26.0,0.0,71.0,11.5
2016-04-29,mexico,28.7,34.0,23.8,2.1,69.0,13.7
2016-04-30,india,29.6,33.3,24.8,0.0,71.0,12.2
2016-04-30,mexico,28.7,33.3,24.3,0.4,67.0,13.3
2016-05-01,india,29.7,33.7,24.6,0.0,68.0,14.4
2016-05-01,mexico,28.7,33.2,24.5,0.0,68.0,15.8
2016-05-02,india,30.1,33.7,25.8,0.0,69.0,13.7
2016-05-02,mexico,29.2,33.0,25.8,0.0,69.0,14.8
2016-05-03,india,29.9,34.3,24.9,0.0,65.0,15.1
2016-05-03,mexico,29.5,33.7,25.9,2.3,71.0,13.3
2016-05-04,india,29.7,33.5,25.4,0.0,71.0,13.7
2016-05-04,mexico,29.3,33.2,26.3,3.7,75.0,11.2
2016-05-05,india,30.0,33.6,25.3,0.0,73.0,18.4
2016-05-05,mexico,29.1,33.4,25.6,10.5,73.0,11.5
2016-05-06,india,29.6,33.1,25.5,0.0,70.0,14.4
2016-05-06,mexico,28.3,32.3,24.3,1.0,70.0,11.5
2016-05-07,india,29.4,33.8,24.7,0.0,71.0,15.8
2016-05-07,mexico,28.3,33.0,24.1,1.1,68.0,11.5
2016-05-08,india,29.3,33.1,25.7,0.0,73.0,12.2
2016-05-08,mexico,28.0,32.6,24.9,0.1,71.0,13.3
2016-05-09,india,29.4,33.1,25.4,0.0,74.0,18.0
2016-05-09,mexico,28.0,31.7,24.0,2.0,71.0,12.2
2016-05-10,india,30.1,35.2,25.5,0.0,73.0,15.8
2016-05-10,mexico,28.7,32.9,25.6,0.0,72.0,11.2
2016-05-11,india,29.5,35.3,24.7,0.0,73.0,17.3
2016-05-11,mexico,28.8,33.3,25.2,0.2,71.0,11.9
2016-05-12,india,30.1,33.9,26.0,0.0,74.0,22.0
2016-05-12,mexico,29.1,33.1,24.8,0.0,67.0,13.0
2016-05-13,india,30.2,33.3,27.1,0.0,77.0,16.9
2016-05-13,mexico,28.8,33.1,24.5,0.0,67.0,13.1
2016-05-14,india,30.2,34.1,27.5,0.0,79.0,21.6
2016-05-14,mexico,29.2,33.5,24.0,0.0,67.0,11.6
2016-05-15,india,30.4,33.3,26.7,0.1,76.0,15.8
2016-05-15,mexico,29.5,33.7,25.5,0.5,65.0,14.8
2016-05-16,india,31.0,34.6,27.5,0.0,74.0,21.2
2016-05-16,mexico,29.9,34.9,25.1,6.4,64.0,14.8
2016-05-17,india,30.6,35.5,27.8,0.0,77.0,20.5
2016-05-17,mexico,29.5,34.1,25.3,0.0,66.0,13.7
2016-05-18,india,30.1,32.3,26.8,0.0,77.0,15.1
2016-05-18,mexico,28.7,31.7,25.6,6.7,74.0,6.8
2016-05-19,india,30.1,32.5,27.4,0.0,75.0,15.1
2016-05-19,mexico,27.6,31.1,24.8,26.8,71.0,11.3
2016-05-20,india,30.2,32.7,27.3,0.7,76.0,15.5
2016-05-20,mexico,27.7,31.6,24.9,7.0,72.0,11.9
2016-05-21,india,30.3,32.5,27.9,0.3,76.0,15.3
2016-05-21,mexico,28.2,31.2,25.0,1.7,72.0,11.9
2016-05-22,india,30.4,32.8,27.5,0.3,76.0,11.9
2016-05-22,mexico,29.7,33.0,27.5,1.8,72.0,11.3
2016-05-23,india,30.5,32.8,28.3,0.7,78.0,11.9
2016-05-23,mexico,29.2,32.8,25.6,2.7,70.0,12.5
2016-05-24,india,30.6,33.6,28.4,1.0,77.0,14.8
2016-05-24,mexico,29.8,33.6,27.3,0.1,67.0,13.7
2016-05-25,india,30.5,33.4,28.2,2.9,76.0,12.6
2016-05-25,mexico,30.3,34.4,27.4,0.0,68.0,16.6
2016-05-26,india,31.0,33.2,28.4,2.1,70.0,11.4
2016-05-26,mexico,28.6,30.3,27.1,0.4,75.0,9.4
2016-05-27,india,31.1,33.7,28.3,2.1,75.0,11.9
2016-05-27,mexico,29.5,32.8,26.4,0.0,67.0,12.6
2016-05-28,india,30.2,33.1,27.9,1.1,81.0,11.5
2016-05-28,mexico,28.4,31.3,26.0,7.5,64.0,10.1
2016-05-29,india,30.6,33.2,28.2,2.9,73.0,16.6
2016-05-29,mexico,28.9,32.9,25.0,0.0,68.0,10.8
2016-05-30,india,31.0,33.6,28.4,2.2,71.0,12.2
2016-05-30,mexico,28.9,33.4,25.0,1.0,67.0,8.6
2016-05-31,india,30.7,33.0,27.9,3.6,70.0,13.3
2016-05-31,mexico,27.0,30.0,24.2,0.0,74.0,10.4
2016-06-01,india,30.3,33.7,26.9,1.7,75.0,13.2
2016-06-01,mexico,28.0,31.8,25.0,5.7,70.0,11.9
2016-06-02,india,30.6,33.3,27.4,5.03,73.0,14.0
2016-06-02,mexico,27.8,32.1,25.8,37.3,70.0,11.5
2016-06-03,india,30.0,34.1,27.2,6.78,80.0,19.4
2016-06-03,mexico,27.4,30.7,24.7,8.9,76.0,10.8
2016-06-04,india,29.7,32.1,27.4,13.13,81.0,12.6
2016-06-04,mexico,27.0,30.5,23.8,19.1,71.0,13.3
2016-06-05,india,28.1,31.1,25.9,54.64,81.0,14.2
2016-06-05,mexico,26.4,30.4,23.9,21.1,65.0,11.5
2016-06-06,india,28.8,30.8,27.7,14.61,89.0,7.2
2016-06-06,mexico,25.6,29.1,22.9,19.9,68.0,14.8
2016-06-07,india,28.8,30.7,27.7,15.9,88.0,9.0
2016-06-07,mexico,25.6,27.6,23.9,24.0,63.0,8.6
2016-06-08,india,28.5,29.7,27.3,30.22,85.0,15.5
2016-06-08,mexico,27.0,31.2,23.1,2.9,62.0,13.3
2016-06-09,india,28.7,30.8,27.1,15.6,80.0,13.0
2016-06-09,mexico,26.5,29.7,23.6,5.1,71.0,10.2
2016-06-10,india,28.0,29.4,26.8,9.4,80.0,12.4
2016-06-10,mexico,26.4,28.3,24.9,0.3,81.0,8.6
2016-06-11,india,27.2,28.4,25.6,22.9,76.0,8.3
2016-06-11,mexico,27.6,31.5,24.2,13.6,70.0,11.5
2016-06-12,india,27.8,30.0,26.2,20.4,80.0,10.1
2016-06-12,mexico,26.5,30.6,22.8,6.0,74.0,10.1
2016-06-13,india,28.0,29.8,26.6,6.8,79.0,12.6
2016-06-13,mexico,26.8,29.9,23.5,6.4,72.0,14.0
2016-06-14,india,28.3,30.3,26.7,7.6,81.0,15.7
2016-06-14,mexico,27.8,32.1,23.5,0.8,70.0,11.9
2016-06-15,india,28.3,30.4,26.4,5.9,79.0,16.9
2016-06-15,mexico,26.3,29.5,23.9,4.1,80.0,7.5
2016-06-16,india,28.2,30.2,26.0,6.5,82.0,18.4
2016-06-16,mexico,26.8,29.9,24.2,0.6,75.0,9.6
2016-06-17,india,28.9,31.7,26.5,2.9,81.0,15.1
2016-06-17,mexico,27.3,30.9,23.5,25.9,74.0,13.3
2016-06-18,india,28.3,30.8,26.4,5.8,79.0,16.2
2016-06-18,mexico,26.8,30.8,23.2,12.1,72.0,11.2
2016-06-19,india,27.5,29.4,25.7,17.1,77.0,14.6
2016-06-19,mexico,27.6,32.4,23.7,0.3,69.0,12.1
2016-06-20,india,26.6,28.5,24.8,7.2,85.0,16.4
2016-06-20,mexico,28.2,32.6,24.1,0.0,64.0,10.4
2016-06-21,india,27.2,29.0,26.3,43.3,82.0,18.0
2016-06-21,mexico,28.2,32.3,24.7,0.0,65.0,10.8
2016-06-22,india,27.1,28.6,26.1,41.14,83.0,17.4
2016-06-22,mexico,27.2,31.4,23.2,0.7,68.0,11.2
2016-06-23,india,26.9,28.3,25.7,63.82,84.0,19.1
2016-06-23,mexico,27.3,30.9,23.3,7.7,71.0,11.9
2016-06-24,india,27.2,28.8,26.1,53.68,82.0,18.7
2016-06-24,mexico,28.2,32.2,24.4,0.0,69.0,13.3
2016-06-25,india,26.2,26.5,26.0,51.8,89.0,19.4
2016-06-25,mexico,28.2,33.1,23.2,5.7,69.0,10.6
2016-06-26,india,26.5,27.8,25.8,36.14,88.0,17.6
2016-06-26,mexico,28.2,32.0,24.7,5.0,68.0,11.5
2016-06-27,india,26.5,27.3,26.0,39.2,89.0,17.4
2016-06-27,mexico,27.5,31.4,23.7,0.3,68.0,11.8
2016-06-28,india,26.6,27.7,25.9,57.49,89.0,21.6
2016-06-28,mexico,27.1,30.4,24.0,1.8,65.0,9.4
2016-06-29,india,25.9,26.2,25.7,52.97,92.0,20.2
2016-06-29,mexico,27.9,32.3,24.0,0.0,63.0,11.9
2016-06-30,india,27.0,28.1,25.9,46.9,88.0,20.5
2016-06-30,mexico,28.1,32.5,23.6,0.0,62.0,11.6
2016-07-01,india,26.8,27.8,26.2,44.2,88.0,23.6
2016-07-01,mexico,28.6,32.5,24.6,0.2,67.0,9.5
2016-07-02,india,26.2,26.7,26.0,30.32,91.0,24.0
2016-07-02,mexico,28.3,32.0,25.0,0.6,66.0,11.9
2016-07-03,india,26.4,27.3,25.9,23.4,90.0,24.8
2016-07-03,mexico,28.0,31.5,24.4,0.3,69.0,13.0
2016-07-04,india,26.2,27.7,25.6,25.5,91.0,19.8
2016-07-04,mexico,28.1,32.6,24.2,0.0,70.0,10.9
2016-07-05,india,26.4,27.6,25.4,24.67,90.0,20.5
2016-07-05,mexico,28.6,33.5,23.4,0.0,67.0,14.4
2016-07-06,india,26.5,27.6,25.2,11.3,89.0,15.1
2016-07-06,mexico,28.4,32.2,23.8,0.6,66.0,10.4
2016-07-07,india,26.3,27.6,25.0,5.7,89.0,16.6
2016-07-07,mexico,28.7,32.3,24.4,0.0,66.0,10.4
2016-07-08,india,26.6,27.8,25.6,6.7,88.0,20.9
2016-07-08,mexico,28.3,31.6,25.1,3.1,66.0,10.8
2016-07-09,india,25.9,26.7,25.4,25.5,89.0,23.8
2016-07-09,mexico,27.2,31.2,24.8,14.3,70.0,10.1
2016-07-10,india,26.0,26.7,25.4,45.3,90.0,25.2
2016-07-10,mexico,28.5,32.9,24.3,0.3,65.0,11.5
2016-07-11,india,26.0,26.4,25.6,48.7,90.0,24.5
2016-07-11,mexico,28.7,33.2,24.6,0.0,66.0,11.4
2016-07-12,india,25.7,26.4,24.9,32.2,91.0,23.4
2016-07-12,mexico,27.6,31.5,23.8,1.7,64.0,11.5
2016-07-13,india,25.9,27.7,24.9,20.85,90.0,20.6
2016-07-13,mexico,27.9,31.4,23.9,0.3,67.0,10.3
2016-07-14,india,26.3,28.4,24.9,9.7,89.0,16.9
2016-07-14,mexico,28.1,32.6,23.8,0.0,68.0,13.4
2016-07-15,india,26.5,28.5,25.0,4.3,88.0,11.5
2016-07-15,mexico,27.8,32.8,23.3,0.9,67.0,12.1
2016-07-16,india,26.4,28.5,25.0,8.0,88.0,14.0
2016-07-16,mexico,27.7,32.5,24.0,1.1,67.0,12.2
2016-07-17,india,26.0,28.1,24.9,17.2,87.0,13.7
2016-07-17,mexico,27.9,32.3,23.8,3.4,66.0,11.5
2016-07-18,india,26.1,26.8,24.8,17.5,88.0,20.2
2016-07-18,mexico,27.1,31.0,24.3,0.0,71.0,10.7
2016-07-19,india,26.2,26.9,25.7,15.2,88.0,15.8
2016-07-19,mexico,26.8,30.1,24.3,14.6,72.0,10.6
2016-07-20,india,26.0,26.6,25.7,30.3,88.0,19.6
2016-07-20,mexico,26.3,29.7,24.2,17.1,71.0,11.2
2016-07-21,india,26.1,26.7,25.6,17.6,88.0,19.5
2016-07-21,mexico,26.9,30.3,24.2,0.1,71.0,10.5
2016-07-22,india,26.1,26.8,25.6,26.8,87.0,21.0
2016-07-22,mexico,26.9,30.2,24.3,0.0,71.0,10.2
2016-07-23,india,26.0,26.7,25.5,50.1,88.0,21.9
2016-07-23,mexico,26.9,30.0,24.4,0.0,72.0,10.0
2016-07-24,india,26.1,26.8,25.5,27.1,88.0,20.1
2016-07-24,mexico,27.1,30.8,24.1,0.0,72.0,11.0
2016-07-25,india,26.2,27.7,25.5,23.1,87.0,20.1
2016-07-25,mexico,27.3,31.0,24.4,0.0,73.0,11.4
2016-07-26,india,26.1,27.7,25.4,5.6,87.0,17.3
2016-07-26,mexico,27.3,31.1,24.4,0.0,72.0,10.0
2016-07-27,india,25.9,27.3,25.1,14.8,88.0,19.2
2016-07-27,mexico,27.3,30.9,24.3,1.6,70.0,11.2
2016-07-28,india,25.8,26.8,24.4,27.9,88.0,18.8
2016-07-28,mexico,27.9,32.2,23.1,1.1,67.0,13.0
2016-07-29,india,25.6,26.8,24.7,52.0,89.0,15.1
2016-07-29,mexico,28.2,33.2,23.9,0.0,62.0,10.4
2016-07-30,india,25.2,26.7,24.4,35.86,92.0,16.9
2016-07-30,mexico,26.7,30.3,22.9,0.9,69.0,9.4
2016-07-31,india,24.7,24.9,24.3,64.68,93.0,18.0
2016-07-31,mexico,27.9,32.3,23.7,0.0,64.0,12.6
2016-08-01,india,25.0,25.3,24.7,66.4,93.0,23.4
2016-08-01,mexico,28.3,33.3,23.7,0.0,63.0,11.0
2016-08-02,india,25.2,26.2,24.7,38.0,93.0,20.8
2016-08-02,mexico,29.0,33.6,24.3,0.0,65.0,13.0
2016-08-03,india,25.3,26.8,24.6,29.84,92.0,22.7
2016-08-03,mexico,28.9,33.7,24.8,0.0,66.0,11.0
2016-08-04,india,25.5,26.4,24.6,18.2,91.0,20.9
2016-08-04,mexico,25.9,28.8,23.7,17.12,75.0,14.5
2016-08-05,india,25.4,25.8,24.9,21.6,91.0,23.8
2016-08-05,mexico,25.6,29.8,22.8,6.8,71.0,18.4
2016-08-06,india,25.8,27.4,25.0,20.5,91.0,24.1
2016-08-06,mexico,27.0,31.0,23.8,3.9,68.0,13.0
2016-08-07,india,25.8,26.9,24.7,14.7,90.0,21.2
2016-08-07,mexico,28.2,32.8,24.2,0.1,71.0,13.3
2016-08-08,india,26.2,27.9,24.7,12.2,91.0,17.6
2016-08-08,mexico,28.1,32.3,24.2,0.0,69.0,11.4
2016-08-09,india,26.1,28.0,24.8,14.2,91.0,19.4
2016-08-09,mexico,28.2,32.5,25.1,0.4,71.0,11.4
2016-08-10,india,26.0,28.0,24.8,15.5,90.0,20.9
2016-08-10,mexico,28.6,33.0,24.3,0.0,67.0,10.8
2016-08-11,india,25.9,27.4,24.8,28.7,91.0,17.9
2016-08-11,mexico,28.7,33.2,23.8,2.1,66.0,13.1
2016-08-12,india,25.6,27.1,24.7,9.2,92.0,16.1
2016-08-12,mexico,28.1,32.8,24.0,6.3,67.0,10.8
2016-08-13,india,26.1,27.8,24.7,4.6,90.0,17.6
2016-08-13,mexico,27.0,31.5,23.5,2.53,77.0,13.0
2016-08-14,india,26.3,27.9,25.1,4.6,89.0,17.6
2016-08-14,mexico,27.0,31.3,23.6,10.4,76.0,8.6
2016-08-15,india,26.1,28.1,25.0,6.9,88.0,19.1
2016-08-15,mexico,26.9,30.6,23.8,1.1,73.0,9.5
2016-08-16,india,26.4,28.2,25.0,6.8,88.0,20.2
2016-08-16,mexico,26.5,32.1,23.4,2.8,73.0,13.9
2016-08-17,india,26.4,28.1,24.7,5.9,89.0,16.6
2016-08-17,mexico,27.0,32.0,23.7,0.0,79.0,9.0
2016-08-18,india,25.6,26.8,24.3,10.0,87.0,17.3
2016-08-18,mexico,27.9,32.8,23.3,0.0,72.0,11.2
2016-08-19,india,26.5,28.8,24.4,5.7,87.0,13.3
2016-08-19,mexico,28.5,33.3,23.3,0.0,67.0,10.4
2016-08-20,india,26.5,28.8,24.4,3.5,84.0,9.7
2016-08-20,mexico,28.4,33.0,24.2,0.9,69.0,13.3
2016-08-21,india,25.9,27.8,23.9,8.8,86.0,16.2
2016-08-21,mexico,28.1,32.7,24.3,0.7,71.0,10.8
2016-08-22,india,25.6,27.6,24.4,8.9,90.0,15.8
2016-08-22,mexico,27.7,31.8,24.6,1.1,71.0,11.9
2016-08-23,india,25.6,27.5,24.4,18.19,89.0,15.6
2016-08-23,mexico,28.4,33.5,23.4,0.1,68.0,13.3
2016-08-24,india,26.0,28.2,23.9,10.4,88.0,13.7
2016-08-24,mexico,28.3,33.7,23.2,0.0,67.0,13.1
2016-08-25,india,26.2,28.4,24.7,3.4,87.0,11.5
2016-08-25,mexico,27.5,33.2,23.1,0.0,70.0,6.5
2016-08-26,india,26.2,28.3,24.6,2.8,86.0,12.6
2016-08-26,mexico,26.7,30.8,23.3,16.9,72.0,10.4
2016-08-27,india,26.2,27.9,24.8,2.1,86.0,13.7
2016-08-27,mexico,27.3,31.5,23.0,2.1,71.0,11.0
2016-08-28,india,25.9,27.4,24.8,10.6,88.0,11.9
2016-08-28,mexico,26.2,29.8,23.4,32.2,76.0,12.6
2016-08-29,india,26.6,28.3,25.3,8.3,87.0,16.6
2016-08-29,mexico,26.8,31.4,22.5,1.7,76.0,13.7
2016-08-30,india,26.3,28.0,25.1,4.0,87.0,15.1
2016-08-30,mexico,27.0,31.0,23.6,32.2,73.0,4.7
2016-08-31,india,26.5,27.9,25.6,11.2,85.0,13.0
2016-08-31,mexico,25.1,27.3,22.6,19.1,83.0,8.6
2016-09-01,india,26.1,28.0,24.6,11.6,86.0,13.0
2016-09-01,mexico,26.5,30.0,23.1,0.4,76.0,14.2
2016-09-02,india,26.1,28.7,24.4,5.9,84.0,12.2
2016-09-02,mexico,26.2,31.3,23.3,13.08,75.0,17.8
2016-09-03,india,25.7,27.6,24.2,4.1,84.0,11.2
2016-09-03,mexico,24.4,27.0,22.3,22.13,85.0,10.8
2016-09-04,india,26.1,28.5,23.8,3.5,83.0,9.4
2016-09-04,mexico,25.3,28.3,22.3,0.8,77.0,12.2
2016-09-05,india,26.1,28.7,23.4,3.1,82.0,9.7
2016-09-05,mexico,27.5,32.7,23.2,0.0,65.0,11.2
2016-09-06,india,25.6,28.0,23.4,2.7,83.0,10.1
2016-09-06,mexico,27.2,31.4,23.3,0.0,68.0,10.6
2016-09-07,india,26.0,28.9,22.7,2.0,80.0,12.2
2016-09-07,mexico,27.0,32.1,23.5,1.1,70.0,11.8
2016-09-08,india,26.5,29.1,23.9,2.6,79.0,10.4
2016-09-08,mexico,27.0,31.5,22.3,0.6,69.0,11.8
2016-09-09,india,26.5,29.1,23.5,1.5,81.0,13.3
2016-09-09,mexico,27.4,32.4,22.4,0.0,65.0,10.2
2016-09-10,india,26.2,28.8,23.4,1.6,81.0,12.2
2016-09-10,mexico,27.5,32.4,23.3,0.3,67.0,11.2
2016-09-11,india,26.3,28.8,23.6,2.4,81.0,12.2
2016-09-11,mexico,26.9,31.1,23.1,7.6,74.0,12.7
2016-09-12,india,26.1,28.9,23.8,1.7,79.0,10.8
2016-09-12,mexico,26.3,30.8,23.5,42.8,77.0,12.2
2016-09-13,india,26.6,29.1,23.6,2.1,81.0,10.1
2016-09-13,mexico,25.7,29.0,22.8,21.7,73.0,9.7
2016-09-14,india,25.8,27.7,24.5,6.6,87.0,7.6
2016-09-14,mexico,26.2,30.5,23.2,14.0,76.0,9.4
2016-09-15,india,25.2,26.5,24.2,14.1,90.0,10.4
2016-09-15,mexico,25.7,30.0,22.7,15.11,78.0,10.4
2016-09-16,india,25.2,26.3,24.3,58.6,93.0,19.8
2016-09-16,mexico,26.3,30.8,22.6,11.0,78.0,11.2
2016-09-17,india,25.4,26.0,24.7,52.02,90.0,20.5
2016-09-17,mexico,26.6,31.8,22.2,10.5,79.0,10.4
2016-09-18,india,25.4,27.2,24.2,14.4,89.0,18.9
2016-09-18,mexico,27.0,32.0,22.6,0.0,75.0,9.4
2016-09-19,india,25.8,28.0,24.0,5.6,88.0,17.0
2016-09-19,mexico,27.5,32.6,23.3,0.0,74.0,13.4
2016-09-20,india,25.8,27.3,24.6,3.9,86.0,17.3
2016-09-20,mexico,27.2,31.6,23.6,0.3,73.0,11.2
2016-09-21,india,25.0,25.7,24.2,17.1,90.0,18.2
2016-09-21,mexico,26.8,31.1,23.4,0.3,73.0,8.0
2016-09-22,india,25.1,26.6,24.1,26.2,92.0,22.3
2016-09-22,mexico,26.7,30.8,23.0,2.8,73.0,9.7
2016-09-23,india,25.1,26.5,24.5,107.0,92.0,21.2
2016-09-23,mexico,25.4,29.1,22.8,27.9,73.0,10.3
2016-09-24,india,24.8,25.5,24.2,48.7,92.0,20.3
2016-09-24,mexico,26.1,30.1,23.3,6.5,69.0,11.5
2016-09-25,india,25.8,27.4,23.8,2.7,89.0,16.9
2016-09-25,mexico,26.0,30.9,22.0,3.2,72.0,12.6
2016-09-26,india,26.1,28.6,23.4,2.5,88.0,16.1
2016-09-26,mexico,26.5,31.7,21.9,0.2,73.0,11.2
2016-09-27,india,26.4,28.6,24.3,1.7,87.0,15.1
2016-09-27,mexico,26.7,30.8,23.3,2.6,71.0,11.5
2016-09-28,india,26.8,30.4,24.3,0.9,88.0,16.6
2016-09-28,mexico,26.8,31.4,23.1,7.3,73.0,11.5
2016-09-29,india,26.5,28.7,24.5,0.1,86.0,15.5
2016-09-29,mexico,27.1,32.5,22.4,0.0,73.0,11.9
2016-09-30,india,26.6,28.8,24.5,0.8,85.0,15.8
2016-09-30,mexico,27.2,32.4,23.7,0.0,72.0,10.6
2016-10-01,india,25.9,28.4,23.6,0.2,87.0,14.0
2016-10-01,mexico,27.1,32.2,22.5,0.0,71.0,9.2
2016-10-02,india,24.8,26.3,23.2,3.6,91.0,8.4
2016-10-02,mexico,27.0,32.5,23.1,0.0,70.0,8.6
2016-10-03,india,24.5,25.6,23.0,6.1,91.0,8.3
2016-10-03,mexico,26.7,31.6,23.5,0.4,72.0,8.2
2016-10-04,india,25.4,27.5,23.5,5.8,86.0,9.0
2016-10-04,mexico,26.8,31.2,22.8,0.0,72.0,10.3
2016-10-05,india,25.7,28.2,23.5,3.1,86.0,12.6
2016-10-05,mexico,26.9,31.8,22.6,0.0,73.0,10.8
2016-10-06,india,25.6,28.0,23.4,3.0,85.0,8.6
2016-10-06,mexico,26.8,31.4,23.0,0.3,72.0,11.3
2016-10-07,india,26.3,28.8,23.7,2.5,85.0,12.2
2016-10-07,mexico,26.6,30.8,23.3,3.6,71.0,10.6
2016-10-08,india,26.2,28.6,23.7,4.5,87.0,14.0
2016-10-08,mexico,26.4,30.8,23.0,3.1,73.0,10.4
2016-10-09,india,26.1,28.3,24.0,6.9,85.0,11.2
2016-10-09,mexico,26.5,30.8,22.9,0.3,70.0,10.4
2016-10-10,india,26.2,29.1,23.5,16.3,85.0,8.6
2016-10-10,mexico,26.3,30.0,23.4,2.0,74.0,10.8
2016-10-11,india,26.4,29.1,23.9,6.0,87.0,13.0
2016-10-11,mexico,26.4,30.9,23.1,1.8,76.0,12.0
2016-10-12,india,27.1,29.7,24.0,0.4,84.0,13.3
2016-10-12,mexico,27.1,32.5,23.3,0.0,72.0,10.4
2016-10-13,india,27.3,30.1,24.2,0.6,84.0,13.0
2016-10-13,mexico,27.0,32.3,23.2,0.8,70.0,11.5
2016-10-14,india,27.8,31.0,23.2,0.0,75.0,11.5
2016-10-14,mexico,26.5,31.1,22.3,0.5,69.0,11.2
2016-10-15,india,28.1,32.0,24.5,0.0,73.0,9.0
2016-10-15,mexico,26.3,31.5,23.1,15.4,73.0,11.2
2016-10-16,india,28.2,31.7,25.1,0.0,73.0,12.2
2016-10-16,mexico,26.5,32.1,23.0,0.4,72.0,11.0
2016-10-17,india,28.0,32.3,24.8,0.0,68.0,8.6
2016-10-17,mexico,25.9,30.4,23.4,10.8,73.0,10.1
2016-10-18,india,28.0,32.4,23.0,0.0,66.0,11.2
2016-10-18,mexico,25.8,29.8,23.2,7.8,73.0,10.9
2016-10-19,india,27.2,32.2,22.1,0.0,64.0,10.1
2016-10-19,mexico,26.4,30.4,23.6,9.0,72.0,7.9
2016-10-20,india,27.1,32.2,23.1,0.0,68.0,9.4
2016-10-20,mexico,26.3,31.0,22.9,6.78,74.0,9.1
2016-10-21,india,27.4,32.9,22.7,0.0,66.0,10.1
2016-10-21,mexico,25.8,29.5,23.4,18.3,75.0,10.4
2016-10-22,india,27.4,32.9,22.7,0.0,67.0,10.4
2016-10-22,mexico,25.8,30.4,22.1,1.81,77.0,10.1
2016-10-23,india,26.8,30.5,22.6,0.0,73.0,10.1
2016-10-23,mexico,25.9,31.1,21.8,0.0,73.0,9.4
2016-10-24,india,27.2,29.7,23.5,0.0,78.0,13.3
2016-10-24,mexico,26.8,32.0,22.7,0.0,69.0,10.1
2016-10-25,india,26.5,31.1,22.6,0.0,75.0,16.2
2016-10-25,mexico,26.6,31.9,22.6,0.0,68.0,9.0
2016-10-26,india,26.7,32.1,21.7,0.0,69.0,12.6
2016-10-26,mexico,26.0,31.5,21.5,0.0,67.0,10.1
2016-10-27,india,27.1,32.3,21.7,0.0,61.0,12.2
2016-10-27,mexico,25.8,31.3,21.5,0.0,66.0,10.8
2016-10-28,india,26.8,32.0,21.7,0.0,59.0,10.4
2016-10-28,mexico,26.3,31.5,21.9,4.9,65.0,11.5
2016-10-29,india,26.0,32.4,21.2,0.0,57.0,9.7
2016-10-29,mexico,26.9,31.3,22.5,0.0,67.0,10.2
2016-10-30,india,26.6,33.2,21.3,0.0,58.0,12.4
2016-10-30,mexico,26.8,32.1,22.5,0.0,68.0,11.0
2016-10-31,india,28.1,33.1,23.5,0.0,69.0,10.8
2016-10-31,mexico,26.9,32.6,22.5,0.0,68.0,10.1
2016-11-01,india,28.4,32.3,24.2,0.0,66.0,11.9
2016-11-01,mexico,27.1,32.8,23.4,0.0,69.0,11.2
2016-11-02,india,27.4,32.3,22.9,0.0,57.0,11.2
2016-11-02,mexico,26.5,31.0,23.6,32.8,71.0,9.0
2016-11-03,india,27.1,32.2,22.1,0.0,54.0,11.9
2016-11-03,mexico,25.6,30.0,23.1,6.3,77.0,9.7
2016-11-04,india,26.4,31.9,21.2,0.0,57.0,10.1
2016-11-04,mexico,26.3,31.4,22.8,0.6,77.0,9.7
2016-11-05,india,24.9,30.5,20.4,0.0,70.0,8.1
2016-11-05,mexico,26.3,30.6,22.8,17.8,74.0,10.7
2016-11-06,india,24.9,30.4,20.6,0.0,72.0,9.7
2016-11-06,mexico,26.1,31.2,22.5,0.7,74.0,9.4
2016-11-07,india,25.1,30.4,20.5,0.0,66.0,10.9
2016-11-07,mexico,26.1,31.3,22.0,0.0,73.0,10.8
2016-11-08,india,25.9,31.7,20.6,0.0,51.0,11.5
2016-11-08,mexico,26.1,31.4,22.1,0.2,73.0,8.8
2016-11-09,india,26.2,31.8,20.9,0.0,50.0,13.3
2016-11-09,mexico,26.7,31.4,23.5,0.0,72.0,10.3
2016-11-10,india,25.9,31.5,20.8,0.0,51.0,12.6
2016-11-10,mexico,27.0,32.3,22.3,0.0,69.0,10.7
2016-11-11,india,25.7,32.6,20.3,0.0,48.0,10.4
2016-11-11,mexico,27.6,32.8,22.9,0.0,66.0,10.4
2016-11-12,india,25.6,32.5,20.6,0.0,49.0,11.2
2016-11-12,mexico,27.7,32.3,24.7,0.0,66.0,9.6
2016-11-13,india,26.0,31.9,21.3,0.0,52.0,11.2
2016-11-13,mexico,26.8,32.1,23.9,0.3,69.0,10.1
2016-11-14,india,27.1,31.9,22.9,0.0,59.0,11.2
2016-11-14,mexico,26.5,32.1,22.2,0.0,70.0,11.2
2016-11-15,india,27.6,32.0,23.7,1.2,65.0,8.6
2016-11-15,mexico,26.3,31.4,22.9,0.0,72.0,9.0
2016-11-16,india,28.0,33.8,23.3,0.8,71.0,13.3
2016-11-16,mexico,26.3,31.9,22.4,0.0,74.0,7.9
2016-11-17,india,27.8,32.4,23.0,0.0,63.0,12.7
2016-11-17,mexico,26.5,31.2,23.0,1.06,70.0,9.1
2016-11-18,india,26.7,31.4,22.3,0.0,58.0,13.7
2016-11-18,mexico,26.8,31.9,22.9,0.0,69.0,9.5
2016-11-19,india,26.3,30.7,21.9,0.0,51.0,12.2
2016-11-19,mexico,27.2,32.1,23.7,0.0,63.0,10.1
2016-11-20,india,26.0,30.6,20.7,0.0,47.0,11.9
2016-11-20,mexico,26.6,32.0,22.9,0.0,58.0,10.1
2016-11-21,india,25.9,32.7,21.0,0.0,48.0,9.7
2016-11-21,mexico,25.9,31.3,21.1,0.0,60.0,11.2
2016-11-22,india,26.3,33.1,21.2,0.0,51.0,11.9
2016-11-22,mexico,25.5,31.3,20.6,0.0,61.0,11.5
2016-11-23,india,26.3,33.3,21.5,0.0,49.0,10.8
2016-11-23,mexico,25.8,31.6,20.9,0.0,59.0,11.5
2016-11-24,india,26.2,32.4,21.5,0.0,48.0,11.5
2016-11-24,mexico,26.7,32.6,22.1,0.0,61.0,12.6
2016-11-25,india,26.3,33.1,21.6,0.0,49.0,17.3
2016-11-25,mexico,26.9,32.5,22.1,0.0,61.0,11.2
2016-11-26,india,26.2,31.5,21.4,0.0,46.0,13.3
2016-11-26,mexico,26.5,31.9,22.4,0.0,72.0,9.4
2016-11-27,india,26.0,32.1,20.2,0.0,44.0,10.4
2016-11-27,mexico,26.8,32.0,23.1,1.1,70.0,9.7
2016-11-28,india,26.5,34.9,20.1,0.0,47.0,9.7
2016-11-28,mexico,27.0,31.9,22.7,0.0,71.0,10.8
2016-11-29,india,25.8,32.0,20.4,0.0,53.0,10.1
2016-11-29,mexico,25.9,30.6,22.4,0.0,71.0,12.2
2016-11-30,india,25.9,33.4,20.7,0.0,51.0,11.5
2016-11-30,mexico,25.9,31.3,22.1,0.0,64.0,14.0
2016-12-01,india,26.1,33.2,21.7,0.0,47.0,9.7
2016-12-01,mexico,26.8,31.9,23.6,0.0,71.0,11.9
2016-12-02,india,26.2,31.8,22.0,0.0,47.0,12.2
2016-12-02,mexico,26.8,32.3,22.5,0.0,72.0,11.5
2016-12-03,india,27.6,31.3,22.5,0.0,59.0,14.2
2016-12-03,mexico,26.8,32.2,23.4,0.0,70.0,9.6
2016-12-04,india,28.0,32.0,24.5,0.7,69.0,13.3
2016-12-04,mexico,26.9,31.8,23.3,0.0,65.0,12.2
2016-12-05,india,27.7,31.5,24.0,0.0,69.0,10.4
2016-12-05,mexico,27.1,31.9,24.2,0.0,63.0,11.5
2016-12-06,india,27.2,32.3,22.3,0.0,54.0,12.2
2016-12-06,mexico,26.7,31.4,22.8,0.0,68.0,11.2
2016-12-07,india,25.6,31.5,21.0,0.0,50.0,14.4
2016-12-07,mexico,27.1,32.0,23.2,0.0,70.0,11.2
2016-12-08,india,25.5,31.5,20.6,0.0,49.0,11.9
2016-12-08,mexico,27.1,31.9,23.3,0.1,71.0,11.3
2016-12-09,india,25.8,31.9,20.9,0.0,48.0,14.0
2016-12-09,mexico,27.2,32.1,23.5,0.0,67.0,12.2
2016-12-10,india,24.8,31.3,20.0,0.0,48.0,15.5
2016-12-10,mexico,27.0,32.0,23.4,0.0,62.0,10.8
2016-12-11,india,24.4,30.6,19.5,0.0,46.0,13.9
2016-12-11,mexico,26.6,32.2,21.7,0.0,61.0,10.1
2016-12-12,india,25.1,31.4,19.4,0.0,45.0,13.0
2016-12-12,mexico,26.8,32.6,22.2,0.0,61.0,10.8
2016-12-13,india,26.2,31.2,20.9,0.0,45.0,15.6
2016-12-13,mexico,26.5,31.6,22.1,0.3,68.0,8.6
2016-12-14,india,27.9,30.7,24.7,0.6,60.0,11.9
2016-12-14,mexico,26.7,32.0,22.9,0.2,68.0,10.1
2016-12-15,india,28.1,32.4,24.5,0.0,67.0,15.5
2016-12-15,mexico,27.6,32.1,25.1,0.1,73.0,11.0
2016-12-16,india,27.9,32.3,24.0,0.0,66.0,13.7
2016-12-16,mexico,27.0,32.7,22.7,0.0,66.0,11.2
2016-12-17,india,27.5,32.0,23.7,0.0,66.0,9.4
2016-12-17,mexico,27.0,32.8,22.5,0.0,65.0,10.8
2016-12-18,india,27.3,31.4,23.1,0.0,54.0,16.6
2016-12-18,mexico,27.6,32.4,23.3,0.0,68.0,11.5
2016-12-19,india,26.3,31.3,22.1,0.0,53.0,12.2
2016-12-19,mexico,28.4,32.8,25.0,0.0,63.0,12.6
2016-12-20,india,26.3,33.4,21.7,0.0,49.0,12.6
2016-12-20,mexico,28.0,32.7,24.4,0.0,63.0,12.2
2016-12-21,india,26.3,31.6,21.6,0.0,45.0,13.0
2016-12-21,mexico,26.6,32.3,22.1,0.0,63.0,11.5
2016-12-22,india,25.8,32.3,20.9,0.0,48.0,13.7
2016-12-22,mexico,26.3,32.1,22.0,0.0,57.0,13.0
2016-12-23,india,25.2,31.8,19.8,0.0,51.0,13.0
2016-12-23,mexico,25.8,31.2,20.7,0.0,54.0,13.0
2016-12-24,india,25.4,33.4,19.9,0.0,48.0,11.9
2016-12-24,mexico,26.1,32.3,21.1,0.0,59.0,11.5
2016-12-25,india,24.6,30.6,20.4,0.0,51.0,8.1
2016-12-25,mexico,26.4,32.2,21.6,0.0,63.0,13.0
2016-12-26,india,24.8,31.4,19.7,0.0,55.0,10.8
2016-12-26,mexico,26.8,32.6,22.0,0.0,62.0,11.9
2016-12-27,india,25.8,30.6,21.4,0.0,44.0,13.7
2016-12-27,mexico,27.2,32.4,23.6,0.0,63.0,11.9
2016-12-28,india,25.9,33.0,21.4,0.0,41.0,15.1
2016-12-28,mexico,26.9,32.3,22.7,0.0,64.0,14.4
2016-12-29,india,25.9,30.6,21.4,0.0,43.0,11.2
2016-12-29,mexico,26.8,32.6,22.2,0.0,61.0,13.0
2016-12-30,india,25.7,33.7,21.0,0.0,47.0,11.2
2016-12-30,mexico,27.0,32.1,23.0,0.0,61.0,13.3
2016-12-31,india,25.6,32.9,21.1,0.0,51.0,13.7
2016-12-31,mexico,26.4,32.0,21.8,0.0,59.0,12.6
2017-01-01,india,25.4,30.7,21.4,0.0,54.0,10.1
2017-01-01,mexico,26.1,31.8,22.0,0.0,63.0,13.3
2017-01-02,india,25.5,30.9,21.2,0.0,53.0,10.8
2017-01-02,mexico,26.4,31.7,21.8,0.0,59.0,12.2
